index,orig_motif,perm_str,violated_covers,baseline_first_label,any_cover_label,stability_fraction_first,modal_label_first
0,GD,6 8 3 10 11 7 5 9 4 2 12 1,"(1,3);(1,4);(1,5);(3,8);(4,8);(5,6);(7,8);(9,10)",GlobalDistortion,GlobalDistortion,1.0,GlobalDistortion
1,GD,9 11 6 3 12 2 7 1 5 10 8 4,"(1,3);(4,8);(5,6);(8,9);(10,11)",GlobalDistortion,GlobalDistortion,1.0,GlobalDistortion
2,GD,12 9 8 5 11 3 1 7 10 2 6 4,"(1,3);(1,5);(3,8);(4,8);(6,7);(7,8);(8,9);(10,11);(11,12)",GlobalDistortion,GlobalDistortion,1.0,GlobalDistortion
3,GD,12 1 4 3 8 6 10 5 11 7 2 9,"(5,6);(7,8);(9,10);(11,12)",GlobalDistortion,GlobalDistortion,1.0,GlobalDistortion
4,GD,8 3 6 9 7 11 10 5 4 1 2 12,"(1,3);(1,4);(1,5);(3,8);(4,8);(5,6);(7,8);(10,11)",GlobalDistortion,GlobalDistortion,1.0,GlobalDistortion
5,GD,7 4 5 1 10 8 2 9 12 3 6 11,"(1,4);(1,5);(3,8);(6,7);(9,10);(11,12)",GlobalDistortion,GlobalDistortion,1.0,GlobalDistortion
6,GD,11 5 9 8 2 10 3 7 6 12 4 1,"(1,3);(1,4);(1,5);(3,8);(4,8);(6,7);(7,8);(8,9);(10,11)",GlobalDistortion,GlobalDistortion,1.0,GlobalDistortion
7,GD,1 6 4 9 10 12 2 5 3 8 11 7,"(5,6);(7,8);(8,9);(11,12)",GlobalDistortion,GlobalDistortion,1.0,GlobalDistortion
8,GD,9 1 6 12 8 5 4 10 2 7 3 11,"(3,8);(4,8);(5,6);(7,8);(8,9);(11,12)",GlobalDistortion,GlobalDistortion,1.0,GlobalDistortion
9,GD,8 7 10 12 4 3 1 6 5 9 2 11,"(1,3);(1,4);(3,8);(4,8);(5,6);(6,7);(7,8);(9,10);(11,12)",GlobalDistortion,GlobalDistortion,1.0,GlobalDistortion
10,GD,11 4 1 8 10 6 7 2 3 9 5 12,"(1,4);(3,8);(5,6);(7,8);(9,10);(10,11)",GlobalDistortion,GlobalDistortion,1.0,GlobalDistortion
11,GD,7 5 2 12 8 10 4 6 1 11 9 3,"(1,4);(1,5);(3,8);(4,8);(6,7);(9,10);(11,12)",GlobalDistortion,GlobalDistortion,1.0,GlobalDistortion
12,GD,3 7 5 8 12 11 6 9 2 10 4 1,"(1,3);(1,4);(1,5);(4,8);(6,7);(10,11);(11,12)",GlobalDistortion,GlobalDistortion,1.0,GlobalDistortion
13,GD,1 4 6 11 8 10 2 7 12 5 3 9,"(3,8);(5,6);(7,8);(9,10);(10,11)",GlobalDistortion,GlobalDistortion,1.0,GlobalDistortion
14,GD,7 10 5 6 3 1 11 4 2 12 9 8,"(1,3);(1,5);(6,7);(8,9);(9,10)",GlobalDistortion,GlobalDistortion,1.0,GlobalDistortion
15,GD,7 11 5 3 6 8 9 12 2 1 4 10,"(1,3);(1,5);(4,8);(6,7);(10,11)",GlobalDistortion,GlobalDistortion,1.0,GlobalDistortion
16,GD,10 2 1 9 7 12 6 3 4 8 11 5,"(5,6);(6,7);(8,9);(9,10);(11,12)",GlobalDistortion,GlobalDistortion,1.0,GlobalDistortion
17,GD,9 1 8 5 6 11 3 12 10 2 4 7,"(3,8);(4,8);(7,8);(8,9);(10,11)",GlobalDistortion,GlobalDistortion,1.0,GlobalDistortion
18,GD,10 3 5 4 6 8 7 2 12 9 11 1,"(1,3);(1,4);(1,5);(7,8);(9,10);(11,12)",GlobalDistortion,GlobalDistortion,1.0,GlobalDistortion
19,GD,8 5 2 6 9 12 10 11 3 1 7 4,"(1,3);(1,5);(3,8);(4,8);(7,8);(11,12)",GlobalDistortion,GlobalDistortion,1.0,GlobalDistortion
20,GD,4 9 6 2 7 5 11 3 8 10 12 1,"(1,3);(1,4);(1,5);(5,6);(8,9);(10,11)",GlobalDistortion,GlobalDistortion,1.0,GlobalDistortion
21,GD,8 3 9 6 1 10 5 12 2 7 4 11,"(1,3);(3,8);(4,8);(5,6);(7,8);(11,12)",GlobalDistortion,GlobalDistortion,1.0,GlobalDistortion
22,GD,8 1 10 7 3 2 9 12 11 6 4 5,"(3,8);(4,8);(5,6);(6,7);(7,8);(9,10);(11,12)",GlobalDistortion,GlobalDistortion,1.0,GlobalDistortion
23,GD,4 6 12 3 7 11 5 9 2 10 8 1,"(1,3);(1,4);(1,5);(5,6);(8,9);(10,11);(11,12)",GlobalDistortion,GlobalDistortion,1.0,GlobalDistortion
24,GD,7 10 4 8 9 6 1 12 5 3 2 11,"(1,4);(3,8);(5,6);(6,7);(9,10);(11,12)",GlobalDistortion,GlobalDistortion,1.0,GlobalDistortion
25,GD,7 2 12 1 3 9 8 5 11 6 4 10,"(4,8);(6,7);(8,9);(10,11);(11,12)",GlobalDistortion,GlobalDistortion,1.0,GlobalDistortion
26,GD,10 12 7 4 2 8 9 3 6 11 1 5,"(1,3);(1,4);(3,8);(5,6);(6,7);(9,10);(11,12)",GlobalDistortion,GlobalDistortion,1.0,GlobalDistortion
27,GD,7 6 4 12 8 11 5 3 10 2 1 9,"(1,3);(1,4);(1,5);(3,8);(5,6);(6,7);(9,10);(10,11);(11,12)",GlobalDistortion,GlobalDistortion,1.0,GlobalDistortion
28,GD,4 3 11 9 7 8 2 10 12 6 5 1,"(1,3);(1,4);(1,5);(5,6);(6,7);(8,9);(10,11)",GlobalDistortion,GlobalDistortion,1.0,GlobalDistortion
29,GD,7 6 5 8 2 1 12 9 11 4 3 10,"(1,5);(3,8);(4,8);(5,6);(6,7);(10,11);(11,12)",GlobalDistortion,GlobalDistortion,1.0,GlobalDistortion
30,GD,8 11 6 12 10 4 9 1 7 2 3 5,"(1,4);(3,8);(4,8);(5,6);(7,8);(9,10);(10,11)",GlobalDistortion,GlobalDistortion,1.0,GlobalDistortion
31,GD,7 12 2 9 6 3 8 10 1 11 4 5,"(1,3);(4,8);(5,6);(6,7);(8,9);(11,12)",GlobalDistortion,GlobalDistortion,1.0,GlobalDistortion
32,GD,12 2 6 10 9 8 3 4 11 7 1 5,"(1,3);(1,4);(3,8);(4,8);(5,6);(7,8);(8,9);(9,10);(11,12)",GlobalDistortion,GlobalDistortion,1.0,GlobalDistortion
33,GD,1 12 8 7 3 4 6 10 9 5 2 11,"(3,8);(4,8);(5,6);(6,7);(7,8);(9,10);(11,12)",GlobalDistortion,GlobalDistortion,1.0,GlobalDistortion
34,GD,10 1 5 11 2 8 6 12 7 4 3 9,"(3,8);(4,8);(7,8);(9,10)",GlobalDistortion,GlobalDistortion,1.0,GlobalDistortion
35,GD,11 6 3 9 5 7 10 2 8 4 12 1,"(1,3);(1,4);(1,5);(4,8);(5,6);(8,9);(10,11)",GlobalDistortion,GlobalDistortion,1.0,GlobalDistortion
36,GD,6 1 5 4 7 2 10 12 11 3 8 9,"(5,6);(9,10);(11,12)",BlockReorderExtreme,BlockReorderExtreme,1.0,BlockReorderExtreme
37,GD,5 1 8 6 10 11 9 2 12 3 7 4,"(1,5);(3,8);(4,8);(7,8);(9,10)",GlobalDistortion,GlobalDistortion,1.0,GlobalDistortion
38,GD,6 8 2 5 3 9 12 10 1 11 7 4,"(1,3);(1,5);(3,8);(4,8);(5,6);(7,8);(11,12)",GlobalDistortion,GlobalDistortion,1.0,GlobalDistortion
39,GD,9 4 10 1 12 5 2 8 3 7 11 6,"(1,4);(3,8);(6,7);(7,8);(8,9);(11,12)",GlobalDistortion,GlobalDistortion,1.0,GlobalDistortion
40,GD,5 6 10 4 9 1 12 8 3 7 11 2,"(1,4);(1,5);(3,8);(7,8);(8,9);(9,10);(11,12)",GlobalDistortion,GlobalDistortion,1.0,GlobalDistortion
41,GD,12 10 2 1 3 4 9 5 7 11 6 8,"(6,7);(8,9);(9,10);(11,12)",GlobalDistortion,GlobalDistortion,1.0,GlobalDistortion
42,GD,5 8 7 2 12 6 9 11 4 3 10 1,"(1,3);(1,4);(1,5);(3,8);(4,8);(6,7);(7,8);(10,11);(11,12)",GlobalDistortion,GlobalDistortion,1.0,GlobalDistortion
43,GD,4 7 9 12 5 1 8 11 2 10 3 6,"(1,4);(1,5);(3,8);(6,7);(8,9);(10,11);(11,12)",GlobalDistortion,GlobalDistortion,1.0,GlobalDistortion
44,GD,4 10 8 1 3 11 5 2 12 7 9 6,"(1,4);(3,8);(6,7);(7,8);(9,10)",GlobalDistortion,GlobalDistortion,1.0,GlobalDistortion
45,GD,1 2 10 9 3 8 6 12 11 7 4 5,"(4,8);(5,6);(7,8);(8,9);(9,10);(11,12)",GlobalDistortion,GlobalDistortion,1.0,GlobalDistortion
46,GD,1 7 5 10 8 12 11 4 3 9 2 6,"(3,8);(4,8);(6,7);(9,10);(11,12)",GlobalDistortion,GlobalDistortion,1.0,GlobalDistortion
47,GD,8 10 9 7 1 3 12 6 11 5 4 2,"(3,8);(4,8);(5,6);(6,7);(7,8);(9,10);(11,12)",GlobalDistortion,GlobalDistortion,1.0,GlobalDistortion
48,GD,6 4 2 11 10 7 12 8 3 5 9 1,"(1,3);(1,4);(1,5);(3,8);(5,6);(9,10);(10,11)",GlobalDistortion,GlobalDistortion,1.0,GlobalDistortion
49,GD,11 10 2 12 9 4 7 5 1 3 6 8,"(1,4);(1,5);(6,7);(8,9);(9,10);(10,11)",GlobalDistortion,GlobalDistortion,1.0,GlobalDistortion
50,GD,12 6 4 11 8 5 7 9 3 1 10 2,"(1,3);(1,4);(1,5);(3,8);(5,6);(7,8);(10,11);(11,12)",GlobalDistortion,GlobalDistortion,1.0,GlobalDistortion
51,GD,5 1 2 6 3 8 12 11 4 10 7 9,"(1,5);(4,8);(7,8);(9,10);(10,11);(11,12)",GlobalDistortion,GlobalDistortion,1.0,GlobalDistortion
52,GD,9 3 7 8 11 1 6 5 12 4 2 10,"(1,3);(4,8);(5,6);(6,7);(8,9);(10,11)",GlobalDistortion,GlobalDistortion,1.0,GlobalDistortion
53,GD,6 5 4 10 2 11 12 9 8 7 1 3,"(1,4);(1,5);(3,8);(5,6);(7,8);(8,9);(9,10)",GlobalDistortion,GlobalDistortion,1.0,GlobalDistortion
54,GD,6 12 11 8 2 7 1 10 5 3 4 9,"(3,8);(4,8);(5,6);(7,8);(9,10);(10,11);(11,12)",GlobalDistortion,GlobalDistortion,1.0,GlobalDistortion
55,GD,11 6 7 4 5 2 12 9 8 3 1 10,"(1,3);(1,4);(1,5);(3,8);(5,6);(8,9);(10,11)",GlobalDistortion,GlobalDistortion,1.0,GlobalDistortion
56,GD,5 9 4 12 1 11 3 10 7 6 8 2,"(1,4);(1,5);(6,7);(8,9);(10,11);(11,12)",GlobalDistortion,GlobalDistortion,1.0,GlobalDistortion
57,GD,9 6 2 10 3 11 4 1 7 5 8 12,"(1,3);(1,4);(5,6);(8,9)",GlobalDistortion,GlobalDistortion,1.0,GlobalDistortion
58,GD,6 5 12 3 2 10 4 8 11 1 9 7,"(1,3);(1,4);(1,5);(5,6);(7,8);(9,10);(11,12)",GlobalDistortion,GlobalDistortion,1.0,GlobalDistortion
59,GD,10 6 7 9 3 2 12 5 4 1 8 11,"(1,3);(1,4);(1,5);(5,6);(8,9);(9,10);(11,12)",GlobalDistortion,GlobalDistortion,1.0,GlobalDistortion
60,GD,10 2 8 4 12 11 3 1 5 9 6 7,"(1,3);(1,4);(3,8);(4,8);(7,8);(9,10);(11,12)",GlobalDistortion,GlobalDistortion,1.0,GlobalDistortion
61,GD,3 10 5 2 11 12 9 8 6 1 7 4,"(1,3);(1,5);(4,8);(7,8);(8,9);(9,10)",GlobalDistortion,GlobalDistortion,1.0,GlobalDistortion
62,GD,8 12 5 11 1 4 7 2 6 10 9 3,"(1,5);(3,8);(4,8);(6,7);(7,8);(9,10);(10,11);(11,12)",GlobalDistortion,GlobalDistortion,1.0,GlobalDistortion
63,GD,9 1 5 4 6 10 12 8 2 3 11 7,"(3,8);(7,8);(8,9);(11,12)",GlobalDistortion,GlobalDistortion,1.0,GlobalDistortion
64,GD,2 5 3 1 4 10 8 12 7 9 11 6,"(1,3);(1,5);(6,7);(7,8);(9,10);(11,12)",GlobalDistortion,GlobalDistortion,1.0,GlobalDistortion
65,GD,3 8 10 7 6 1 9 2 12 5 11 4,"(1,3);(4,8);(5,6);(6,7);(7,8);(9,10);(11,12)",GlobalDistortion,GlobalDistortion,1.0,GlobalDistortion
66,GD,10 8 9 2 4 7 3 5 11 6 12 1,"(1,3);(1,4);(1,5);(3,8);(4,8);(6,7);(7,8);(9,10)",GlobalDistortion,GlobalDistortion,1.0,GlobalDistortion
67,GD,8 7 6 2 4 5 1 9 12 3 11 10,"(1,4);(1,5);(3,8);(4,8);(5,6);(6,7);(7,8);(10,11);(11,12)",GlobalDistortion,GlobalDistortion,1.0,GlobalDistortion
68,GD,2 7 9 3 12 1 6 10 11 5 8 4,"(1,3);(4,8);(5,6);(6,7);(8,9);(11,12)",GlobalDistortion,GlobalDistortion,1.0,GlobalDistortion
69,GD,9 12 1 11 4 3 10 7 5 6 8 2,"(6,7);(8,9);(10,11);(11,12)",GlobalDistortion,GlobalDistortion,1.0,GlobalDistortion
70,GD,12 4 9 6 2 3 7 8 11 10 1 5,"(1,3);(1,4);(5,6);(8,9);(10,11);(11,12)",GlobalDistortion,GlobalDistortion,1.0,GlobalDistortion
71,GD,1 10 4 8 11 9 12 3 7 6 5 2,"(3,8);(5,6);(6,7);(7,8);(9,10)",GlobalDistortion,GlobalDistortion,1.0,GlobalDistortion
72,GD,2 12 9 10 4 1 7 6 11 8 5 3,"(1,4);(3,8);(5,6);(6,7);(8,9);(11,12)",GlobalDistortion,GlobalDistortion,1.0,GlobalDistortion
73,GD,2 5 8 3 10 4 1 6 9 7 12 11,"(1,3);(1,4);(1,5);(3,8);(4,8);(7,8);(9,10);(11,12)",GlobalDistortion,GlobalDistortion,1.0,GlobalDistortion
74,GD,3 10 9 4 2 12 1 11 7 5 6 8,"(1,3);(1,4);(6,7);(8,9);(9,10);(11,12)",GlobalDistortion,GlobalDistortion,1.0,GlobalDistortion
75,GD,7 3 9 12 1 11 6 5 8 2 4 10,"(1,3);(4,8);(5,6);(6,7);(8,9);(10,11);(11,12)",GlobalDistortion,GlobalDistortion,1.0,GlobalDistortion
76,GD,1 3 6 7 11 9 12 4 10 2 8 5,"(5,6);(8,9);(10,11)",BlockReorderExtreme,BlockReorderExtreme,1.0,BlockReorderExtreme
77,GD,6 9 12 1 11 4 5 8 2 7 3 10,"(3,8);(5,6);(7,8);(8,9);(10,11);(11,12)",GlobalDistortion,GlobalDistortion,1.0,GlobalDistortion
78,GD,9 2 7 5 3 10 1 6 12 11 8 4,"(1,3);(1,5);(4,8);(6,7);(8,9);(11,12)",GlobalDistortion,GlobalDistortion,1.0,GlobalDistortion
79,GD,3 7 11 1 12 9 6 10 8 2 4 5,"(1,3);(4,8);(5,6);(6,7);(8,9);(10,11)",GlobalDistortion,GlobalDistortion,1.0,GlobalDistortion
80,GD,11 9 1 6 8 5 7 2 12 10 3 4,"(3,8);(4,8);(5,6);(7,8);(8,9);(10,11)",GlobalDistortion,GlobalDistortion,1.0,GlobalDistortion
81,GD,5 8 9 7 12 2 11 10 4 6 1 3,"(1,4);(1,5);(3,8);(4,8);(6,7);(7,8);(10,11);(11,12)",GlobalDistortion,GlobalDistortion,1.0,GlobalDistortion
82,GD,6 4 10 1 5 3 7 12 8 11 2 9,"(1,4);(5,6);(9,10);(11,12)",GlobalDistortion,GlobalDistortion,1.0,GlobalDistortion
83,GD,12 3 2 4 7 11 6 8 5 9 1 10,"(1,3);(1,4);(1,5);(5,6);(6,7);(10,11);(11,12)",GlobalDistortion,GlobalDistortion,1.0,GlobalDistortion
84,GD,4 6 7 9 5 3 1 12 10 8 2 11,"(1,3);(1,4);(1,5);(5,6);(8,9);(11,12)",GlobalDistortion,GlobalDistortion,1.0,GlobalDistortion
85,GD,1 7 2 3 8 12 4 6 9 11 10 5,"(4,8);(5,6);(6,7);(10,11);(11,12)",GlobalDistortion,GlobalDistortion,1.0,GlobalDistortion
86,GD,3 5 1 7 8 12 11 4 9 10 2 6,"(1,3);(1,5);(4,8);(6,7);(10,11);(11,12)",GlobalDistortion,GlobalDistortion,1.0,GlobalDistortion
87,GD,11 10 3 1 12 8 7 4 5 2 6 9,"(1,3);(4,8);(6,7);(7,8);(9,10);(10,11)",GlobalDistortion,GlobalDistortion,1.0,GlobalDistortion
88,GD,8 4 7 9 2 12 11 6 10 5 3 1,"(1,3);(1,4);(1,5);(3,8);(4,8);(5,6);(6,7);(7,8);(10,11);(11,12)",GlobalDistortion,GlobalDistortion,1.0,GlobalDistortion
89,GD,11 4 3 8 12 7 9 1 2 10 6 5,"(1,3);(1,4);(5,6);(6,7);(7,8);(10,11)",GlobalDistortion,GlobalDistortion,1.0,GlobalDistortion
90,GD,6 3 9 7 4 12 1 11 8 10 5 2,"(1,3);(1,4);(5,6);(8,9);(10,11);(11,12)",GlobalDistortion,GlobalDistortion,1.0,GlobalDistortion
91,GD,6 8 2 1 11 10 5 4 9 7 12 3,"(3,8);(4,8);(5,6);(7,8);(9,10);(10,11)",GlobalDistortion,GlobalDistortion,1.0,GlobalDistortion
92,GD,8 10 9 3 4 12 11 6 1 7 2 5,"(1,3);(1,4);(3,8);(4,8);(5,6);(7,8);(9,10);(11,12)",GlobalDistortion,GlobalDistortion,1.0,GlobalDistortion
93,GD,5 1 9 8 6 3 11 12 10 7 4 2,"(1,5);(3,8);(4,8);(7,8);(8,9);(10,11)",GlobalDistortion,GlobalDistortion,1.0,GlobalDistortion
94,GD,8 5 1 10 6 3 7 4 11 12 9 2,"(1,5);(3,8);(4,8);(7,8);(9,10)",GlobalDistortion,GlobalDistortion,1.0,GlobalDistortion
95,GD,11 10 8 2 1 6 7 9 12 4 5 3,"(3,8);(4,8);(5,6);(7,8);(9,10);(10,11)",GlobalDistortion,GlobalDistortion,1.0,GlobalDistortion
96,GD,6 4 2 7 11 9 3 1 10 5 12 8,"(1,3);(1,4);(5,6);(8,9);(10,11)",GlobalDistortion,GlobalDistortion,1.0,GlobalDistortion
97,GD,3 9 7 11 1 2 5 12 6 4 10 8,"(1,3);(6,7);(8,9);(10,11)",GlobalDistortion,GlobalDistortion,1.0,GlobalDistortion
98,GD,7 8 10 5 4 6 11 1 3 9 2 12,"(1,4);(1,5);(3,8);(4,8);(6,7);(9,10)",GlobalDistortion,GlobalDistortion,1.0,GlobalDistortion
99,GD,11 1 4 10 5 8 3 7 9 12 6 2,"(3,8);(6,7);(7,8);(9,10);(10,11)",GlobalDistortion,GlobalDistortion,1.0,GlobalDistortion
100,APD,2 5 3 1 9 8 4 10 6 7 12 11,"(1,3);(1,5);(4,8);(7,8);(8,9);(11,12)",GlobalDistortion,GlobalDistortion,1.0,GlobalDistortion
101,APD,5 6 2 1 3 11 10 8 4 7 9 12,"(1,5);(4,8);(7,8);(9,10);(10,11)",GlobalDistortion,GlobalDistortion,1.0,GlobalDistortion
102,APD,7 1 6 2 4 3 10 11 5 8 12 9,"(5,6);(6,7);(9,10)",BlockReorderExtreme,BlockReorderExtreme,1.0,BlockReorderExtreme
103,APD,1 3 4 7 6 5 10 9 2 12 11 8,"(5,6);(6,7);(8,9);(9,10);(11,12)",GlobalDistortion,GlobalDistortion,1.0,GlobalDistortion
104,APD,3 5 1 10 8 2 6 4 9 11 12 7,"(1,3);(1,5);(4,8);(7,8);(9,10)",GlobalDistortion,GlobalDistortion,1.0,GlobalDistortion
105,APD,3 11 2 1 4 9 6 5 7 12 8 10,"(1,3);(5,6);(8,9);(10,11)",GlobalDistortion,GlobalDistortion,1.0,GlobalDistortion
106,APD,1 5 6 3 9 4 7 8 11 2 12 10,"(8,9);(10,11)",BlockReorderExtreme,BlockReorderExtreme,1.0,BlockReorderExtreme
107,APD,4 3 6 1 7 2 5 10 8 12 9 11,"(1,3);(1,4);(5,6);(9,10);(11,12)",GlobalDistortion,GlobalDistortion,1.0,GlobalDistortion
108,APD,1 2 6 4 5 3 8 10 12 7 9 11,"(5,6);(7,8);(9,10);(11,12)",GlobalDistortion,GlobalDistortion,1.0,GlobalDistortion
109,APD,2 7 1 10 4 3 5 9 6 12 8 11,"(6,7);(8,9);(9,10);(11,12)",GlobalDistortion,GlobalDistortion,1.0,GlobalDistortion
110,APD,5 7 2 1 3 9 6 10 11 8 12 4,"(1,5);(4,8);(6,7);(8,9)",GlobalDistortion,GlobalDistortion,1.0,GlobalDistortion
111,APD,4 2 1 5 9 11 3 10 7 6 12 8,"(1,4);(6,7);(8,9);(10,11)",GlobalDistortion,GlobalDistortion,1.0,GlobalDistortion
112,APD,3 6 4 1 9 5 7 8 11 10 2 12,"(1,3);(1,4);(5,6);(8,9);(10,11)",GlobalDistortion,GlobalDistortion,1.0,GlobalDistortion
113,APD,1 4 6 5 11 3 2 10 9 7 12 8,"(5,6);(8,9);(9,10);(10,11)",GlobalDistortion,GlobalDistortion,1.0,GlobalDistortion
114,APD,1 7 2 5 10 4 3 8 11 9 6 12,"(6,7);(9,10)",BlockReorderExtreme,BlockReorderExtreme,1.0,BlockReorderExtreme
115,APD,1 4 7 3 8 2 11 9 5 12 10 6,"(6,7);(10,11)",BlockReorderExtreme,BlockReorderExtreme,1.0,BlockReorderExtreme
116,APD,1 6 5 11 9 2 4 3 7 8 10 12,"(5,6);(8,9);(10,11)",BlockReorderExtreme,BlockReorderExtreme,1.0,BlockReorderExtreme
117,APD,4 1 5 7 2 11 3 9 8 12 10 6,"(1,4);(6,7);(8,9);(10,11)",GlobalDistortion,GlobalDistortion,1.0,GlobalDistortion
118,APD,3 5 6 1 4 2 11 9 7 12 10 8,"(1,3);(1,5);(8,9);(10,11)",GlobalDistortion,GlobalDistortion,1.0,GlobalDistortion
119,APD,2 7 6 1 5 4 3 8 9 12 11 10,"(5,6);(6,7);(10,11);(11,12)",GlobalDistortion,GlobalDistortion,1.0,GlobalDistortion
120,APD,5 2 1 4 3 6 8 9 12 11 10 7,"(1,5);(7,8);(10,11);(11,12)",GlobalDistortion,GlobalDistortion,1.0,GlobalDistortion
121,APD,6 3 1 5 2 9 7 4 8 10 11 12,"(1,3);(5,6);(8,9)",FrontEndMove,FrontEndMove,1.0,FrontEndMove
122,APD,2 1 7 3 6 11 8 4 5 12 10 9,"(4,8);(5,6);(6,7);(9,10);(10,11)",GlobalDistortion,GlobalDistortion,1.0,GlobalDistortion
123,APD,5 1 4 3 11 2 6 8 9 7 12 10,"(1,5);(7,8);(10,11)",FrontEndMove,FrontEndMove,1.0,FrontEndMove
124,APD,7 4 1 5 3 2 10 6 8 11 12 9,"(1,4);(6,7);(9,10)",FrontEndMove,FrontEndMove,1.0,FrontEndMove
125,APD,1 4 3 2 8 6 9 10 5 12 11 7,"(5,6);(7,8);(11,12)",BlockReorderExtreme,BlockReorderExtreme,1.0,BlockReorderExtreme
126,APD,1 2 11 3 9 4 7 6 8 5 10 12,"(5,6);(6,7);(8,9);(10,11)",GlobalDistortion,GlobalDistortion,1.0,GlobalDistortion
127,APD,1 2 3 4 10 6 8 9 12 7 5 11,"(5,6);(7,8);(9,10);(11,12)",GlobalDistortion,GlobalDistortion,1.0,GlobalDistortion
128,APD,4 2 1 5 7 3 6 10 11 9 8 12,"(1,4);(6,7);(8,9);(9,10)",GlobalDistortion,GlobalDistortion,1.0,GlobalDistortion
129,APD,1 3 4 11 10 6 2 8 7 5 9 12,"(5,6);(7,8);(9,10);(10,11)",GlobalDistortion,GlobalDistortion,1.0,GlobalDistortion
130,APD,4 3 1 10 6 5 7 2 11 9 8 12,"(1,3);(1,4);(5,6);(8,9);(9,10)",GlobalDistortion,GlobalDistortion,1.0,GlobalDistortion
131,APD,7 1 3 4 6 5 8 11 10 9 2 12,"(5,6);(6,7);(9,10);(10,11)",GlobalDistortion,GlobalDistortion,1.0,GlobalDistortion
132,APD,2 11 1 3 7 8 6 4 9 5 10 12,"(4,8);(5,6);(6,7);(10,11)",GlobalDistortion,GlobalDistortion,1.0,GlobalDistortion
133,APD,1 10 3 4 8 2 5 9 6 7 11 12,"(7,8);(9,10)",BlockReorderExtreme,BlockReorderExtreme,1.0,BlockReorderExtreme
134,APD,1 6 2 4 3 7 11 5 9 10 8 12,"(5,6);(8,9);(10,11)",BlockReorderExtreme,BlockReorderExtreme,1.0,BlockReorderExtreme
135,APD,1 6 2 7 5 9 4 3 12 11 8 10,"(5,6);(8,9);(10,11);(11,12)",GlobalDistortion,GlobalDistortion,1.0,GlobalDistortion
136,APD,3 6 1 4 5 11 8 10 2 9 12 7,"(1,3);(5,6);(7,8);(9,10);(10,11)",GlobalDistortion,GlobalDistortion,1.0,GlobalDistortion
137,APD,1 5 4 6 10 9 3 7 8 2 11 12,"(8,9);(9,10)",BlockReorderExtreme,BlockReorderExtreme,1.0,BlockReorderExtreme
138,APD,5 7 1 3 10 8 2 4 6 9 12 11,"(1,5);(4,8);(6,7);(9,10);(11,12)",GlobalDistortion,GlobalDistortion,1.0,GlobalDistortion
139,APD,2 1 3 10 8 6 7 4 12 9 11 5,"(4,8);(5,6);(7,8);(9,10);(11,12)",GlobalDistortion,GlobalDistortion,1.0,GlobalDistortion
140,APD,3 5 1 7 4 11 6 9 2 10 12 8,"(1,3);(1,5);(6,7);(8,9);(10,11)",GlobalDistortion,GlobalDistortion,1.0,GlobalDistortion
141,APD,3 1 6 4 8 10 7 5 12 2 11 9,"(1,3);(5,6);(7,8);(9,10);(11,12)",GlobalDistortion,GlobalDistortion,1.0,GlobalDistortion
142,APD,5 1 4 3 10 9 6 2 7 12 8 11,"(1,5);(8,9);(9,10);(11,12)",GlobalDistortion,GlobalDistortion,1.0,GlobalDistortion
143,APD,3 1 2 6 5 11 9 7 12 4 10 8,"(1,3);(5,6);(8,9);(10,11)",GlobalDistortion,GlobalDistortion,1.0,GlobalDistortion
144,APD,1 3 7 2 8 4 11 10 9 6 5 12,"(4,8);(5,6);(6,7);(9,10);(10,11)",GlobalDistortion,GlobalDistortion,1.0,GlobalDistortion
145,APD,5 9 3 1 6 10 2 4 8 7 11 12,"(1,3);(1,5);(7,8);(8,9)",GlobalDistortion,GlobalDistortion,1.0,GlobalDistortion
146,APD,4 3 1 6 9 5 8 11 7 10 2 12,"(1,3);(1,4);(5,6);(7,8);(8,9);(10,11)",GlobalDistortion,GlobalDistortion,1.0,GlobalDistortion
147,APD,3 1 8 4 5 6 10 9 12 11 2 7,"(1,3);(4,8);(7,8);(9,10);(11,12)",GlobalDistortion,GlobalDistortion,1.0,GlobalDistortion
148,APD,2 4 1 7 3 5 8 9 11 10 6 12,"(1,4);(6,7);(10,11)",FrontEndMove,FrontEndMove,1.0,FrontEndMove
149,APD,7 1 3 2 4 6 10 11 8 12 9 5,"(5,6);(6,7);(9,10)",BlockReorderExtreme,BlockReorderExtreme,1.0,BlockReorderExtreme
150,APD,1 6 9 3 2 7 5 4 11 10 12 8,"(5,6);(8,9);(10,11)",BlockReorderExtreme,BlockReorderExtreme,1.0,BlockReorderExtreme
151,APD,4 2 1 9 10 3 6 5 12 8 11 7,"(1,4);(5,6);(7,8);(8,9);(11,12)",GlobalDistortion,GlobalDistortion,1.0,GlobalDistortion
152,APD,3 1 5 8 4 10 11 2 7 9 12 6,"(1,3);(4,8);(6,7);(7,8);(9,10)",GlobalDistortion,GlobalDistortion,1.0,GlobalDistortion
153,APD,5 1 6 3 7 4 2 8 11 9 10 12,"(1,5);(10,11)",FrontEndMove,FrontEndMove,1.0,FrontEndMove
154,APD,2 1 3 11 6 10 7 5 4 12 8 9,"(5,6);(9,10);(10,11)",BlockReorderExtreme,BlockReorderExtreme,1.0,BlockReorderExtreme
155,APD,1 3 9 4 5 11 6 2 10 7 12 8,"(8,9);(10,11)",BlockReorderExtreme,BlockReorderExtreme,1.0,BlockReorderExtreme
156,APD,2 1 6 7 3 11 5 4 9 8 12 10,"(5,6);(8,9);(10,11)",BlockReorderExtreme,BlockReorderExtreme,1.0,BlockReorderExtreme
157,APD,1 9 6 2 4 7 3 11 5 8 12 10,"(5,6);(8,9);(10,11)",BlockReorderExtreme,BlockReorderExtreme,1.0,BlockReorderExtreme
158,APD,4 7 5 1 3 2 8 6 11 12 10 9,"(1,4);(1,5);(6,7);(9,10);(10,11)",GlobalDistortion,GlobalDistortion,1.0,GlobalDistortion
159,APD,2 9 1 4 5 7 3 8 12 6 10 11,"(6,7);(8,9);(11,12)",BlockReorderExtreme,BlockReorderExtreme,1.0,BlockReorderExtreme
160,APD,2 6 1 7 9 3 10 8 5 11 12 4,"(4,8);(5,6);(8,9)",BlockReorderExtreme,BlockReorderExtreme,1.0,BlockReorderExtreme
161,APD,3 4 1 11 5 6 8 7 2 12 10 9,"(1,3);(1,4);(7,8);(9,10);(10,11)",GlobalDistortion,GlobalDistortion,1.0,GlobalDistortion
162,APD,3 1 6 2 4 10 9 5 7 8 12 11,"(1,3);(5,6);(8,9);(9,10);(11,12)",GlobalDistortion,GlobalDistortion,1.0,GlobalDistortion
163,APD,3 8 1 6 5 7 9 2 4 12 11 10,"(1,3);(4,8);(5,6);(7,8);(10,11);(11,12)",GlobalDistortion,GlobalDistortion,1.0,GlobalDistortion
164,APD,3 1 6 4 10 8 7 2 5 11 9 12,"(1,3);(5,6);(7,8);(9,10)",GlobalDistortion,GlobalDistortion,1.0,GlobalDistortion
165,APD,7 3 1 8 6 2 5 10 4 12 9 11,"(1,3);(4,8);(5,6);(6,7);(9,10);(11,12)",GlobalDistortion,GlobalDistortion,1.0,GlobalDistortion
166,APD,6 2 1 9 3 10 4 5 11 8 7 12,"(5,6);(7,8);(8,9)",BlockReorderExtreme,BlockReorderExtreme,1.0,BlockReorderExtreme
167,APD,6 2 10 1 3 4 11 8 7 5 9 12,"(5,6);(7,8);(9,10)",BlockReorderExtreme,BlockReorderExtreme,1.0,BlockReorderExtreme
168,APD,1 2 7 6 5 4 11 3 8 9 12 10,"(5,6);(6,7);(10,11)",BlockReorderExtreme,BlockReorderExtreme,1.0,BlockReorderExtreme
169,APD,4 1 9 2 7 6 11 3 5 8 12 10,"(1,4);(5,6);(6,7);(8,9);(10,11)",GlobalDistortion,GlobalDistortion,1.0,GlobalDistortion
170,APD,3 1 7 10 4 6 2 5 12 8 9 11,"(1,3);(5,6);(6,7);(9,10);(11,12)",GlobalDistortion,GlobalDistortion,1.0,GlobalDistortion
171,APD,1 2 3 4 10 6 8 5 12 7 9 11,"(5,6);(7,8);(9,10);(11,12)",GlobalDistortion,GlobalDistortion,1.0,GlobalDistortion
172,APD,7 6 1 3 2 9 5 8 4 12 10 11,"(4,8);(5,6);(6,7);(8,9);(11,12)",GlobalDistortion,GlobalDistortion,1.0,GlobalDistortion
173,APD,4 6 1 3 5 11 8 2 12 7 9 10,"(1,4);(5,6);(7,8);(10,11)",GlobalDistortion,GlobalDistortion,1.0,GlobalDistortion
174,APD,1 3 8 10 2 5 7 4 11 9 12 6,"(4,8);(6,7);(7,8);(9,10)",GlobalDistortion,GlobalDistortion,1.0,GlobalDistortion
175,APD,3 11 1 4 6 2 5 10 7 12 9 8,"(1,3);(5,6);(8,9);(9,10);(10,11)",GlobalDistortion,GlobalDistortion,1.0,GlobalDistortion
176,APD,3 1 7 2 8 10 5 11 4 9 6 12,"(1,3);(4,8);(6,7);(9,10)",GlobalDistortion,GlobalDistortion,1.0,GlobalDistortion
177,APD,3 4 1 7 6 11 10 2 8 5 9 12,"(1,3);(1,4);(5,6);(6,7);(9,10);(10,11)",GlobalDistortion,GlobalDistortion,1.0,GlobalDistortion
178,APD,7 5 1 6 4 9 2 3 8 11 10 12,"(1,5);(6,7);(8,9);(10,11)",GlobalDistortion,GlobalDistortion,1.0,GlobalDistortion
179,APD,2 1 3 7 10 5 8 4 11 9 12 6,"(4,8);(6,7);(9,10)",BlockReorderExtreme,BlockReorderExtreme,1.0,BlockReorderExtreme
180,APD,1 2 5 4 10 3 6 8 7 9 11 12,"(7,8);(9,10)",BlockReorderExtreme,BlockReorderExtreme,1.0,BlockReorderExtreme
181,APD,1 3 4 2 11 6 10 9 7 12 5 8,"(5,6);(8,9);(9,10);(10,11)",GlobalDistortion,GlobalDistortion,1.0,GlobalDistortion
182,APD,3 11 1 6 4 5 7 2 10 9 8 12,"(1,3);(5,6);(8,9);(9,10);(10,11)",GlobalDistortion,GlobalDistortion,1.0,GlobalDistortion
183,APD,1 7 2 11 3 4 9 5 12 10 6 8,"(6,7);(8,9);(10,11)",BlockReorderExtreme,BlockReorderExtreme,1.0,BlockReorderExtreme
184,APD,3 1 9 2 6 5 10 4 8 11 7 12,"(1,3);(5,6);(7,8);(8,9)",GlobalDistortion,GlobalDistortion,1.0,GlobalDistortion
185,APD,3 4 1 6 8 7 2 9 11 5 10 12,"(1,3);(1,4);(5,6);(7,8);(10,11)",GlobalDistortion,GlobalDistortion,1.0,GlobalDistortion
186,APD,4 3 1 6 10 2 5 9 11 8 12 7,"(1,3);(1,4);(5,6);(7,8);(8,9);(9,10)",GlobalDistortion,GlobalDistortion,1.0,GlobalDistortion
187,APD,1 11 2 3 5 7 10 9 4 6 8 12,"(6,7);(8,9);(9,10);(10,11)",GlobalDistortion,GlobalDistortion,1.0,GlobalDistortion
188,APD,5 2 1 10 3 4 9 6 8 7 12 11,"(1,5);(7,8);(8,9);(9,10);(11,12)",GlobalDistortion,GlobalDistortion,1.0,GlobalDistortion
189,APD,2 1 10 6 3 8 5 9 7 12 4 11,"(4,8);(5,6);(7,8);(9,10);(11,12)",GlobalDistortion,GlobalDistortion,1.0,GlobalDistortion
190,APD,6 9 3 1 5 4 7 2 8 11 12 10,"(1,3);(5,6);(8,9);(10,11)",GlobalDistortion,GlobalDistortion,1.0,GlobalDistortion
191,APD,1 3 4 9 11 5 2 10 7 6 12 8,"(6,7);(8,9);(10,11)",BlockReorderExtreme,BlockReorderExtreme,1.0,BlockReorderExtreme
192,APD,3 2 8 1 11 6 5 7 4 9 10 12,"(1,3);(4,8);(5,6);(7,8);(10,11)",GlobalDistortion,GlobalDistortion,1.0,GlobalDistortion
193,APD,2 7 3 1 10 8 11 4 6 5 9 12,"(1,3);(4,8);(5,6);(6,7);(9,10)",GlobalDistortion,GlobalDistortion,1.0,GlobalDistortion
194,APD,1 2 3 4 7 8 6 5 10 12 9 11,"(5,6);(6,7);(9,10);(11,12)",GlobalDistortion,GlobalDistortion,1.0,GlobalDistortion
195,APD,6 7 2 1 5 3 10 4 11 9 8 12,"(5,6);(8,9);(9,10)",BlockReorderExtreme,BlockReorderExtreme,1.0,BlockReorderExtreme
196,APD,1 6 4 3 2 5 10 11 8 7 9 12,"(5,6);(7,8);(9,10)",BlockReorderExtreme,BlockReorderExtreme,1.0,BlockReorderExtreme
197,APD,3 1 5 7 2 10 9 4 6 8 12 11,"(1,3);(6,7);(8,9);(9,10);(11,12)",GlobalDistortion,GlobalDistortion,1.0,GlobalDistortion
198,APD,2 4 3 1 7 11 5 10 6 9 12 8,"(1,3);(1,4);(6,7);(8,9);(9,10);(10,11)",GlobalDistortion,GlobalDistortion,1.0,GlobalDistortion
199,APD,5 1 3 4 6 11 10 8 7 2 9 12,"(1,5);(7,8);(9,10);(10,11)",GlobalDistortion,GlobalDistortion,1.0,GlobalDistortion
200,BRE,1 3 9 11 12 2 4 6 7 5 8 10,"(5,6);(8,9);(10,11)",BlockReorderExtreme,BlockReorderExtreme,1.0,BlockReorderExtreme
201,BRE,5 6 3 10 7 8 1 11 12 4 2 9,"(1,3);(1,5);(4,8);(9,10)",GlobalDistortion,GlobalDistortion,1.0,GlobalDistortion
202,BRE,5 9 1 8 12 4 3 2 10 11 6 7,"(1,5);(3,8);(4,8);(7,8);(8,9);(11,12)",GlobalDistortion,GlobalDistortion,1.0,GlobalDistortion
203,BRE,7 1 2 4 6 5 10 8 11 12 3 9,"(3,8);(5,6);(6,7);(9,10)",GlobalDistortion,GlobalDistortion,1.0,GlobalDistortion
204,BRE,3 6 4 5 8 11 7 9 10 1 2 12,"(1,3);(1,4);(1,5);(5,6);(7,8);(10,11)",GlobalDistortion,GlobalDistortion,1.0,GlobalDistortion
205,BRE,5 6 3 4 7 10 2 12 1 8 9 11,"(1,3);(1,4);(1,5);(9,10);(11,12)",GlobalDistortion,GlobalDistortion,1.0,GlobalDistortion
206,BRE,4 7 5 6 3 2 10 9 11 12 8 1,"(1,3);(1,4);(1,5);(6,7);(8,9);(9,10)",GlobalDistortion,GlobalDistortion,1.0,GlobalDistortion
207,BRE,3 5 6 9 10 4 12 8 1 11 2 7,"(1,3);(1,4);(1,5);(7,8);(8,9);(11,12)",GlobalDistortion,GlobalDistortion,1.0,GlobalDistortion
208,BRE,3 2 9 1 8 7 10 11 12 4 5 6,"(1,3);(4,8);(6,7);(7,8);(8,9)",GlobalDistortion,GlobalDistortion,1.0,GlobalDistortion
209,BRE,5 6 9 7 1 4 12 10 2 3 8 11,"(1,5);(8,9);(11,12)",FrontEndMove,FrontEndMove,1.0,FrontEndMove
210,BRE,5 10 3 1 2 7 12 4 6 8 9 11,"(1,3);(1,5);(6,7);(9,10);(11,12)",GlobalDistortion,GlobalDistortion,1.0,GlobalDistortion
211,BRE,5 4 9 8 1 2 12 11 3 6 7 10,"(1,4);(1,5);(3,8);(7,8);(8,9);(10,11);(11,12)",GlobalDistortion,GlobalDistortion,1.0,GlobalDistortion
212,BRE,3 1 12 4 10 7 8 2 5 6 9 11,"(1,3);(6,7);(9,10);(11,12)",GlobalDistortion,GlobalDistortion,1.0,GlobalDistortion
213,BRE,2 3 8 7 6 9 5 4 10 11 12 1,"(1,3);(1,4);(1,5);(4,8);(5,6);(6,7);(7,8)",GlobalDistortion,GlobalDistortion,1.0,GlobalDistortion
214,BRE,3 10 8 9 1 2 11 4 7 5 12 6,"(1,3);(4,8);(6,7);(7,8);(9,10)",GlobalDistortion,GlobalDistortion,1.0,GlobalDistortion
215,BRE,3 4 2 11 5 10 8 9 6 12 1 7,"(1,3);(1,4);(1,5);(7,8);(9,10);(10,11)",GlobalDistortion,GlobalDistortion,1.0,GlobalDistortion
216,BRE,4 1 10 7 8 2 9 11 12 3 5 6,"(1,4);(3,8);(6,7);(9,10)",GlobalDistortion,GlobalDistortion,1.0,GlobalDistortion
217,BRE,8 6 7 2 3 9 10 11 1 4 12 5,"(1,3);(3,8);(4,8);(5,6);(7,8)",GlobalDistortion,GlobalDistortion,1.0,GlobalDistortion
218,BRE,4 5 9 12 8 2 3 1 6 11 10 7,"(1,3);(1,4);(1,5);(3,8);(7,8);(8,9);(10,11);(11,12)",GlobalDistortion,GlobalDistortion,1.0,GlobalDistortion
219,BRE,7 6 2 12 3 4 5 9 11 8 1 10,"(1,3);(1,4);(1,5);(5,6);(6,7);(8,9);(10,11);(11,12)",GlobalDistortion,GlobalDistortion,1.0,GlobalDistortion
220,BRE,3 4 2 6 7 8 5 12 1 10 9 11,"(1,3);(1,4);(1,5);(5,6);(9,10);(11,12)",GlobalDistortion,GlobalDistortion,1.0,GlobalDistortion
221,BRE,2 6 7 1 11 5 9 3 4 12 8 10,"(5,6);(8,9);(10,11)",BlockReorderExtreme,BlockReorderExtreme,1.0,BlockReorderExtreme
222,BRE,3 4 1 6 12 5 11 8 7 2 9 10,"(1,3);(1,4);(5,6);(7,8);(10,11);(11,12)",GlobalDistortion,GlobalDistortion,1.0,GlobalDistortion
223,BRE,5 4 7 1 8 9 3 11 12 6 2 10,"(1,4);(1,5);(3,8);(6,7);(10,11)",GlobalDistortion,GlobalDistortion,1.0,GlobalDistortion
224,BRE,6 1 3 4 2 11 5 12 7 8 9 10,"(5,6);(10,11)",BlockReorderExtreme,BlockReorderExtreme,1.0,BlockReorderExtreme
225,BRE,2 3 4 12 7 10 9 5 11 8 6 1,"(1,3);(1,4);(1,5);(6,7);(8,9);(9,10);(11,12)",GlobalDistortion,GlobalDistortion,1.0,GlobalDistortion
226,BRE,5 4 2 11 12 8 1 7 3 9 10 6,"(1,4);(1,5);(3,8);(6,7);(7,8);(10,11)",GlobalDistortion,GlobalDistortion,1.0,GlobalDistortion
227,BRE,6 4 7 8 9 1 5 11 12 3 2 10,"(1,4);(3,8);(5,6);(10,11)",GlobalDistortion,GlobalDistortion,1.0,GlobalDistortion
228,BRE,3 4 5 7 9 12 2 6 11 10 1 8,"(1,3);(1,4);(1,5);(6,7);(8,9);(10,11);(11,12)",GlobalDistortion,GlobalDistortion,1.0,GlobalDistortion
229,BRE,3 8 1 2 6 9 10 4 11 12 7 5,"(1,3);(4,8);(5,6);(7,8)",GlobalDistortion,GlobalDistortion,1.0,GlobalDistortion
230,BRE,5 6 4 9 3 2 1 12 11 10 7 8,"(1,3);(1,4);(1,5);(8,9);(10,11);(11,12)",GlobalDistortion,GlobalDistortion,1.0,GlobalDistortion
231,BRE,3 5 6 12 2 9 1 7 4 8 10 11,"(1,3);(1,5);(8,9);(11,12)",GlobalDistortion,GlobalDistortion,1.0,GlobalDistortion
232,BRE,1 10 7 2 11 8 5 6 9 3 4 12,"(3,8);(4,8);(6,7);(9,10)",GlobalDistortion,GlobalDistortion,1.0,GlobalDistortion
233,BRE,5 6 9 8 3 4 10 1 11 7 12 2,"(1,3);(1,4);(1,5);(3,8);(4,8);(7,8);(8,9)",GlobalDistortion,GlobalDistortion,1.0,GlobalDistortion
234,BRE,5 4 7 1 8 9 11 6 10 12 2 3,"(1,4);(1,5);(3,8);(6,7);(10,11)",GlobalDistortion,GlobalDistortion,1.0,GlobalDistortion
235,BRE,2 3 10 7 1 9 4 11 12 6 8 5,"(1,3);(5,6);(6,7);(8,9);(9,10)",GlobalDistortion,GlobalDistortion,1.0,GlobalDistortion
236,BRE,3 11 1 5 6 12 7 4 8 9 10 2,"(1,3);(10,11)",FrontEndMove,FrontEndMove,1.0,FrontEndMove
237,BRE,4 2 6 7 8 10 1 3 11 12 5 9,"(1,4);(3,8);(5,6);(9,10)",GlobalDistortion,GlobalDistortion,1.0,GlobalDistortion
238,BRE,4 6 9 5 7 1 2 12 3 8 10 11,"(1,4);(1,5);(5,6);(8,9);(11,12)",GlobalDistortion,GlobalDistortion,1.0,GlobalDistortion
239,BRE,9 1 5 6 7 10 4 2 11 8 12 3,"(3,8);(8,9)",BlockReorderExtreme,BlockReorderExtreme,1.0,BlockReorderExtreme
240,BRE,1 2 4 5 11 6 12 10 9 3 7 8,"(8,9);(9,10);(10,11)",BlockReorderExtreme,BlockReorderExtreme,1.0,BlockReorderExtreme
241,BRE,11 3 5 6 4 8 9 2 7 10 1 12,"(1,3);(1,4);(1,5);(7,8);(10,11)",GlobalDistortion,GlobalDistortion,1.0,GlobalDistortion
242,BRE,3 6 7 1 4 2 11 12 9 8 5 10,"(1,3);(5,6);(8,9);(10,11)",GlobalDistortion,GlobalDistortion,1.0,GlobalDistortion
243,BRE,2 3 4 6 8 1 10 9 7 11 5 12,"(1,3);(1,4);(5,6);(7,8);(9,10)",GlobalDistortion,GlobalDistortion,1.0,GlobalDistortion
244,BRE,5 6 7 8 9 2 4 12 1 3 11 10,"(1,4);(1,5);(3,8);(4,8);(10,11);(11,12)",GlobalDistortion,GlobalDistortion,1.0,GlobalDistortion
245,BRE,5 1 6 7 8 9 12 10 11 3 2 4,"(1,5);(3,8);(4,8);(11,12)",GlobalDistortion,GlobalDistortion,1.0,GlobalDistortion
246,BRE,8 9 3 1 7 10 4 11 2 5 6 12,"(1,3);(3,8);(4,8);(6,7);(7,8)",GlobalDistortion,GlobalDistortion,1.0,GlobalDistortion
247,BRE,8 4 5 6 9 10 7 2 3 1 11 12,"(1,3);(1,4);(1,5);(3,8);(4,8);(7,8)",GlobalDistortion,GlobalDistortion,1.0,GlobalDistortion
248,BRE,7 2 4 9 3 11 12 10 1 5 6 8,"(1,3);(1,4);(6,7);(8,9);(10,11)",GlobalDistortion,GlobalDistortion,1.0,GlobalDistortion
249,BRE,5 9 3 4 10 6 7 8 11 12 1 2,"(1,3);(1,4);(1,5);(8,9)",GlobalDistortion,GlobalDistortion,1.0,GlobalDistortion
250,BRE,8 5 2 3 12 1 9 10 6 7 4 11,"(1,3);(1,5);(3,8);(4,8);(7,8);(11,12)",GlobalDistortion,GlobalDistortion,1.0,GlobalDistortion
251,BRE,11 1 2 3 6 12 8 7 4 5 10 9,"(4,8);(5,6);(7,8);(9,10);(10,11)",GlobalDistortion,GlobalDistortion,1.0,GlobalDistortion
252,BRE,11 7 2 6 3 5 12 4 1 8 9 10,"(1,3);(1,4);(1,5);(5,6);(6,7);(10,11)",GlobalDistortion,GlobalDistortion,1.0,GlobalDistortion
253,BRE,1 5 8 9 6 7 12 4 3 10 2 11,"(3,8);(4,8);(7,8);(11,12)",GlobalDistortion,GlobalDistortion,1.0,GlobalDistortion
254,BRE,4 6 7 1 2 8 10 11 9 3 12 5,"(1,4);(3,8);(5,6);(9,10)",GlobalDistortion,GlobalDistortion,1.0,GlobalDistortion
255,BRE,3 4 6 9 2 8 11 12 7 10 5 1,"(1,3);(1,4);(1,5);(5,6);(7,8);(8,9);(10,11)",GlobalDistortion,GlobalDistortion,1.0,GlobalDistortion
256,BRE,8 9 2 3 6 12 1 5 7 11 10 4,"(1,3);(3,8);(4,8);(5,6);(7,8);(10,11);(11,12)",GlobalDistortion,GlobalDistortion,1.0,GlobalDistortion
257,BRE,1 3 5 10 6 11 12 7 4 8 9 2,"(9,10)",AnchorPreservingDisorder,AnchorPreservingDisorder,1.0,AnchorPreservingDisorder
258,BRE,2 3 12 5 1 4 11 10 7 6 8 9,"(1,3);(1,5);(6,7);(9,10);(10,11);(11,12)",GlobalDistortion,GlobalDistortion,1.0,GlobalDistortion
259,BRE,7 3 1 2 5 4 11 9 10 12 6 8,"(1,3);(6,7);(8,9);(10,11)",GlobalDistortion,GlobalDistortion,1.0,GlobalDistortion
260,BRE,3 7 4 5 12 6 2 11 8 1 9 10,"(1,3);(1,4);(1,5);(6,7);(10,11);(11,12)",GlobalDistortion,GlobalDistortion,1.0,GlobalDistortion
261,BRE,8 3 5 2 9 10 11 12 1 6 4 7,"(1,3);(1,5);(3,8);(4,8);(7,8)",GlobalDistortion,GlobalDistortion,1.0,GlobalDistortion
262,BRE,8 3 1 9 4 5 6 7 11 2 12 10,"(1,3);(3,8);(4,8);(7,8);(10,11)",GlobalDistortion,GlobalDistortion,1.0,GlobalDistortion
263,BRE,11 3 4 1 2 6 10 5 9 7 12 8,"(1,3);(1,4);(5,6);(8,9);(9,10);(10,11)",GlobalDistortion,GlobalDistortion,1.0,GlobalDistortion
264,BRE,2 3 4 12 9 1 6 11 5 10 8 7,"(1,3);(1,4);(5,6);(7,8);(8,9);(10,11);(11,12)",GlobalDistortion,GlobalDistortion,1.0,GlobalDistortion
265,BRE,4 5 7 2 3 9 6 12 1 8 11 10,"(1,3);(1,4);(1,5);(6,7);(8,9);(10,11);(11,12)",GlobalDistortion,GlobalDistortion,1.0,GlobalDistortion
266,BRE,4 10 1 7 2 6 11 12 5 8 9 3,"(1,4);(3,8);(5,6);(6,7);(9,10)",GlobalDistortion,GlobalDistortion,1.0,GlobalDistortion
267,BRE,2 5 8 9 10 1 12 6 4 7 3 11,"(1,5);(3,8);(4,8);(7,8);(11,12)",GlobalDistortion,GlobalDistortion,1.0,GlobalDistortion
268,BRE,1 5 6 11 12 2 10 7 4 8 3 9,"(3,8);(9,10);(10,11)",BlockReorderExtreme,BlockReorderExtreme,1.0,BlockReorderExtreme
269,BRE,4 5 8 1 2 3 9 12 10 7 6 11,"(1,4);(1,5);(3,8);(6,7);(7,8);(11,12)",GlobalDistortion,GlobalDistortion,1.0,GlobalDistortion
270,BRE,4 8 12 1 9 3 5 6 7 2 11 10,"(1,4);(3,8);(7,8);(10,11);(11,12)",GlobalDistortion,GlobalDistortion,1.0,GlobalDistortion
271,BRE,4 1 11 6 7 8 3 2 10 5 12 9,"(1,4);(3,8);(5,6);(9,10);(10,11)",GlobalDistortion,GlobalDistortion,1.0,GlobalDistortion
272,BRE,1 9 2 3 11 6 10 8 12 4 5 7,"(4,8);(5,6);(7,8);(8,9);(10,11)",GlobalDistortion,GlobalDistortion,1.0,GlobalDistortion
273,BRE,2 11 12 1 4 5 7 8 3 6 10 9,"(3,8);(6,7);(9,10);(10,11)",GlobalDistortion,GlobalDistortion,1.0,GlobalDistortion
274,BRE,1 3 4 6 11 2 10 7 8 12 5 9,"(5,6);(9,10);(10,11)",BlockReorderExtreme,BlockReorderExtreme,1.0,BlockReorderExtreme
275,BRE,11 12 4 1 6 3 5 7 2 8 9 10,"(1,4);(5,6);(10,11)",FrontEndMove,FrontEndMove,1.0,FrontEndMove
276,BRE,2 3 9 10 6 4 12 5 8 7 11 1,"(1,3);(1,4);(1,5);(5,6);(7,8);(8,9);(11,12)",GlobalDistortion,GlobalDistortion,1.0,GlobalDistortion
277,BRE,1 12 3 8 7 5 6 4 2 11 9 10,"(4,8);(6,7);(7,8);(10,11);(11,12)",GlobalDistortion,GlobalDistortion,1.0,GlobalDistortion
278,BRE,12 6 1 2 3 10 5 7 9 8 4 11,"(4,8);(5,6);(8,9);(9,10);(11,12)",GlobalDistortion,GlobalDistortion,1.0,GlobalDistortion
279,BRE,3 11 1 4 2 8 9 10 6 5 7 12,"(1,3);(5,6);(7,8);(10,11)",GlobalDistortion,GlobalDistortion,1.0,GlobalDistortion
280,BRE,10 7 4 1 2 5 8 9 11 3 6 12,"(1,4);(3,8);(6,7);(9,10)",GlobalDistortion,GlobalDistortion,1.0,GlobalDistortion
281,BRE,3 9 7 6 10 4 5 8 1 2 11 12,"(1,3);(1,4);(1,5);(5,6);(6,7);(8,9)",GlobalDistortion,GlobalDistortion,1.0,GlobalDistortion
282,BRE,3 9 11 2 12 1 4 7 8 5 6 10,"(1,3);(6,7);(8,9);(10,11)",GlobalDistortion,GlobalDistortion,1.0,GlobalDistortion
283,BRE,10 5 6 3 4 9 2 7 8 1 11 12,"(1,3);(1,4);(1,5);(8,9);(9,10)",GlobalDistortion,GlobalDistortion,1.0,GlobalDistortion
284,BRE,6 8 1 2 7 4 5 9 12 3 10 11,"(3,8);(4,8);(5,6);(7,8);(11,12)",GlobalDistortion,GlobalDistortion,1.0,GlobalDistortion
285,BRE,4 6 1 11 12 10 2 7 5 3 8 9,"(1,4);(5,6);(9,10);(10,11)",GlobalDistortion,GlobalDistortion,1.0,GlobalDistortion
286,BRE,12 3 4 1 11 5 2 8 7 9 10 6,"(1,3);(1,4);(6,7);(7,8);(10,11);(11,12)",GlobalDistortion,GlobalDistortion,1.0,GlobalDistortion
287,BRE,11 3 4 5 1 6 9 8 12 7 10 2,"(1,3);(1,4);(1,5);(7,8);(8,9);(10,11)",GlobalDistortion,GlobalDistortion,1.0,GlobalDistortion
288,BRE,4 8 3 1 2 7 5 6 10 12 9 11,"(1,3);(1,4);(3,8);(6,7);(7,8);(9,10);(11,12)",GlobalDistortion,GlobalDistortion,1.0,GlobalDistortion
289,BRE,4 1 9 5 2 10 11 12 6 7 3 8,"(1,4);(8,9)",FrontEndMove,FrontEndMove,1.0,FrontEndMove
290,BRE,10 11 3 5 2 1 6 9 4 12 7 8,"(1,3);(1,5);(8,9);(9,10)",GlobalDistortion,GlobalDistortion,1.0,GlobalDistortion
291,BRE,9 1 12 4 10 6 2 3 5 7 8 11,"(5,6);(8,9);(11,12)",BlockReorderExtreme,BlockReorderExtreme,1.0,BlockReorderExtreme
292,BRE,6 7 2 4 5 11 3 1 12 10 8 9,"(1,3);(1,4);(1,5);(5,6);(9,10);(10,11)",GlobalDistortion,GlobalDistortion,1.0,GlobalDistortion
293,BRE,3 4 11 6 7 9 12 1 5 8 10 2,"(1,3);(1,4);(5,6);(8,9);(10,11)",GlobalDistortion,GlobalDistortion,1.0,GlobalDistortion
294,BRE,4 5 11 1 2 3 9 6 10 12 8 7,"(1,4);(1,5);(7,8);(8,9);(10,11)",GlobalDistortion,GlobalDistortion,1.0,GlobalDistortion
295,BRE,1 2 3 12 6 11 5 10 7 8 9 4,"(4,8);(5,6);(9,10);(10,11);(11,12)",GlobalDistortion,GlobalDistortion,1.0,GlobalDistortion
296,BRE,6 2 5 11 4 12 1 9 10 3 7 8,"(1,4);(1,5);(5,6);(8,9);(10,11)",GlobalDistortion,GlobalDistortion,1.0,GlobalDistortion
297,BRE,2 3 4 11 8 7 1 12 10 9 5 6,"(1,3);(1,4);(6,7);(7,8);(9,10);(10,11)",GlobalDistortion,GlobalDistortion,1.0,GlobalDistortion
298,BRE,1 6 10 2 5 8 9 3 4 12 11 7,"(3,8);(4,8);(5,6);(7,8);(9,10);(11,12)",GlobalDistortion,GlobalDistortion,1.0,GlobalDistortion
299,BRE,1 5 6 8 2 11 10 7 9 12 3 4,"(3,8);(4,8);(7,8);(9,10);(10,11)",GlobalDistortion,GlobalDistortion,1.0,GlobalDistortion
300,DCO,11 4 6 12 8 1 7 9 5 3 10 2,"(1,4);(3,8);(5,6);(7,8);(10,11)",GlobalDistortion,GlobalDistortion,1.0,GlobalDistortion
301,DCO,4 9 11 1 8 12 10 7 2 6 3 5,"(1,4);(3,8);(5,6);(6,7);(7,8);(8,9);(10,11)",GlobalDistortion,GlobalDistortion,1.0,GlobalDistortion
302,DCO,7 11 6 9 8 1 5 10 12 4 2 3,"(3,8);(4,8);(5,6);(6,7);(8,9);(10,11)",GlobalDistortion,GlobalDistortion,1.0,GlobalDistortion
303,DCO,8 11 12 9 3 10 2 4 6 5 7 1,"(1,3);(1,4);(1,5);(3,8);(4,8);(5,6);(7,8);(10,11)",GlobalDistortion,GlobalDistortion,1.0,GlobalDistortion
304,DCO,6 12 3 7 9 11 4 8 5 1 10 2,"(1,3);(1,4);(1,5);(5,6);(8,9);(10,11);(11,12)",GlobalDistortion,GlobalDistortion,1.0,GlobalDistortion
305,DCO,10 11 3 5 8 12 2 7 6 9 1 4,"(1,3);(1,5);(4,8);(6,7);(7,8);(9,10)",GlobalDistortion,GlobalDistortion,1.0,GlobalDistortion
306,DCO,8 10 9 12 1 3 7 4 11 6 2 5,"(3,8);(4,8);(5,6);(6,7);(7,8);(9,10);(11,12)",GlobalDistortion,GlobalDistortion,1.0,GlobalDistortion
307,DCO,5 12 9 4 7 8 6 10 2 11 3 1,"(1,3);(1,4);(1,5);(3,8);(6,7);(8,9);(11,12)",GlobalDistortion,GlobalDistortion,1.0,GlobalDistortion
308,DCO,12 11 6 3 1 8 10 9 5 2 7 4,"(1,3);(4,8);(5,6);(7,8);(9,10);(10,11);(11,12)",GlobalDistortion,GlobalDistortion,1.0,GlobalDistortion
309,DCO,9 8 11 2 6 12 5 1 10 7 3 4,"(1,5);(3,8);(4,8);(5,6);(7,8);(8,9);(10,11)",GlobalDistortion,GlobalDistortion,1.0,GlobalDistortion
310,DCO,5 8 2 12 11 10 9 7 6 4 1 3,"(1,4);(1,5);(3,8);(4,8);(6,7);(7,8);(9,10);(10,11);(11,12)",GlobalDistortion,GlobalDistortion,1.0,GlobalDistortion
311,DCO,8 11 9 2 12 6 5 10 3 1 7 4,"(1,3);(1,5);(3,8);(4,8);(5,6);(7,8);(10,11)",GlobalDistortion,GlobalDistortion,1.0,GlobalDistortion
312,DCO,10 3 11 8 5 4 12 6 9 2 7 1,"(1,3);(1,4);(1,5);(4,8);(7,8);(9,10)",GlobalDistortion,GlobalDistortion,1.0,GlobalDistortion
313,DCO,12 11 10 1 3 6 7 2 9 8 4 5,"(4,8);(5,6);(8,9);(9,10);(10,11);(11,12)",GlobalDistortion,GlobalDistortion,1.0,GlobalDistortion
314,DCO,9 7 11 8 10 12 1 3 6 2 4 5,"(3,8);(4,8);(5,6);(6,7);(8,9);(10,11)",GlobalDistortion,GlobalDistortion,1.0,GlobalDistortion
315,DCO,10 6 7 1 12 8 11 5 4 9 3 2,"(3,8);(4,8);(5,6);(9,10);(11,12)",GlobalDistortion,GlobalDistortion,1.0,GlobalDistortion
316,DCO,12 9 4 11 7 2 8 6 3 1 10 5,"(1,3);(1,4);(3,8);(5,6);(6,7);(8,9);(10,11);(11,12)",GlobalDistortion,GlobalDistortion,1.0,GlobalDistortion
317,DCO,12 7 10 9 2 6 4 11 8 3 1 5,"(1,3);(1,4);(3,8);(5,6);(6,7);(8,9);(9,10);(11,12)",GlobalDistortion,GlobalDistortion,1.0,GlobalDistortion
318,DCO,10 7 12 8 4 3 9 11 2 6 5 1,"(1,3);(1,4);(1,5);(3,8);(4,8);(5,6);(6,7);(9,10);(11,12)",GlobalDistortion,GlobalDistortion,1.0,GlobalDistortion
319,DCO,11 9 6 8 4 10 1 2 12 7 3 5,"(1,4);(3,8);(4,8);(5,6);(7,8);(8,9);(10,11)",GlobalDistortion,GlobalDistortion,1.0,GlobalDistortion
320,DCO,11 6 9 12 7 10 1 3 8 5 4 2,"(4,8);(5,6);(8,9);(10,11)",GlobalDistortion,GlobalDistortion,1.0,GlobalDistortion
321,DCO,3 10 11 7 12 2 5 9 6 4 8 1,"(1,3);(1,4);(1,5);(6,7);(8,9);(9,10)",GlobalDistortion,GlobalDistortion,1.0,GlobalDistortion
322,DCO,9 12 4 7 8 11 2 1 3 10 6 5,"(1,4);(3,8);(5,6);(6,7);(8,9);(10,11);(11,12)",GlobalDistortion,GlobalDistortion,1.0,GlobalDistortion
323,DCO,8 12 11 6 9 10 2 4 7 5 3 1,"(1,3);(1,4);(1,5);(3,8);(4,8);(5,6);(7,8);(10,11);(11,12)",GlobalDistortion,GlobalDistortion,1.0,GlobalDistortion
324,DCO,9 7 12 8 11 6 4 2 3 5 10 1,"(1,3);(1,4);(1,5);(3,8);(4,8);(5,6);(6,7);(8,9);(10,11);(11,12)",GlobalDistortion,GlobalDistortion,1.0,GlobalDistortion
325,DCO,12 10 8 1 11 6 7 3 2 5 4 9,"(3,8);(4,8);(5,6);(7,8);(9,10);(11,12)",GlobalDistortion,GlobalDistortion,1.0,GlobalDistortion
326,DCO,6 12 11 4 7 10 9 1 3 8 2 5,"(1,4);(5,6);(8,9);(9,10);(10,11);(11,12)",GlobalDistortion,GlobalDistortion,1.0,GlobalDistortion
327,DCO,12 8 5 11 7 3 6 9 4 10 2 1,"(1,3);(1,4);(1,5);(3,8);(4,8);(6,7);(7,8);(10,11);(11,12)",GlobalDistortion,GlobalDistortion,1.0,GlobalDistortion
328,DCO,8 4 2 12 11 9 10 5 3 6 1 7,"(1,3);(1,4);(1,5);(3,8);(4,8);(7,8);(10,11);(11,12)",GlobalDistortion,GlobalDistortion,1.0,GlobalDistortion
329,DCO,7 12 5 6 10 4 2 11 9 3 8 1,"(1,3);(1,4);(1,5);(6,7);(8,9);(9,10);(11,12)",GlobalDistortion,GlobalDistortion,1.0,GlobalDistortion
330,DCO,8 12 5 3 10 2 9 7 6 11 4 1,"(1,3);(1,4);(1,5);(3,8);(4,8);(6,7);(7,8);(9,10);(11,12)",GlobalDistortion,GlobalDistortion,1.0,GlobalDistortion
331,DCO,10 9 12 1 6 4 5 11 2 8 7 3,"(3,8);(5,6);(7,8);(8,9);(9,10);(11,12)",GlobalDistortion,GlobalDistortion,1.0,GlobalDistortion
332,DCO,4 11 1 12 10 7 9 3 5 8 6 2,"(1,4);(6,7);(8,9);(9,10);(10,11)",GlobalDistortion,GlobalDistortion,1.0,GlobalDistortion
333,DCO,10 12 7 5 2 9 4 6 11 8 3 1,"(1,3);(1,4);(1,5);(3,8);(6,7);(8,9);(9,10);(11,12)",GlobalDistortion,GlobalDistortion,1.0,GlobalDistortion
334,DCO,8 6 3 12 10 7 9 4 5 2 11 1,"(1,3);(1,4);(1,5);(3,8);(4,8);(5,6);(7,8);(9,10);(11,12)",GlobalDistortion,GlobalDistortion,1.0,GlobalDistortion
335,DCO,3 11 10 12 8 1 2 9 6 4 7 5,"(1,3);(4,8);(5,6);(7,8);(9,10);(10,11)",GlobalDistortion,GlobalDistortion,1.0,GlobalDistortion
336,DCO,12 6 9 11 2 8 1 7 5 10 3 4,"(3,8);(4,8);(5,6);(7,8);(8,9);(10,11);(11,12)",GlobalDistortion,GlobalDistortion,1.0,GlobalDistortion
337,DCO,10 7 9 11 5 8 4 6 3 12 2 1,"(1,3);(1,4);(1,5);(3,8);(4,8);(6,7);(8,9);(9,10)",GlobalDistortion,GlobalDistortion,1.0,GlobalDistortion
338,DCO,3 12 10 8 7 11 9 1 6 5 2 4,"(1,3);(4,8);(5,6);(6,7);(7,8);(9,10);(11,12)",GlobalDistortion,GlobalDistortion,1.0,GlobalDistortion
339,DCO,11 10 6 12 4 8 7 1 5 9 3 2,"(1,4);(3,8);(5,6);(7,8);(9,10);(10,11)",GlobalDistortion,GlobalDistortion,1.0,GlobalDistortion
340,DCO,12 11 10 1 6 8 5 7 2 3 9 4,"(3,8);(4,8);(5,6);(7,8);(9,10);(10,11);(11,12)",GlobalDistortion,GlobalDistortion,1.0,GlobalDistortion
341,DCO,8 11 9 1 4 12 6 3 10 5 7 2,"(3,8);(4,8);(5,6);(7,8);(10,11)",GlobalDistortion,GlobalDistortion,1.0,GlobalDistortion
342,DCO,6 12 11 8 4 5 9 2 1 10 7 3,"(1,4);(1,5);(3,8);(4,8);(5,6);(7,8);(10,11);(11,12)",GlobalDistortion,GlobalDistortion,1.0,GlobalDistortion
343,DCO,11 10 12 1 2 9 5 8 4 6 3 7,"(3,8);(4,8);(7,8);(8,9);(9,10);(10,11)",GlobalDistortion,GlobalDistortion,1.0,GlobalDistortion
344,DCO,10 8 4 3 6 11 9 12 1 7 5 2,"(1,3);(1,4);(3,8);(4,8);(5,6);(7,8);(9,10)",GlobalDistortion,GlobalDistortion,1.0,GlobalDistortion
345,DCO,10 7 12 4 8 1 6 9 2 11 5 3,"(1,4);(3,8);(5,6);(6,7);(9,10);(11,12)",GlobalDistortion,GlobalDistortion,1.0,GlobalDistortion
346,DCO,10 8 3 11 5 9 7 6 12 2 4 1,"(1,3);(1,4);(1,5);(3,8);(4,8);(6,7);(7,8);(9,10)",GlobalDistortion,GlobalDistortion,1.0,GlobalDistortion
347,DCO,9 12 8 3 11 6 4 1 2 10 7 5,"(1,3);(1,4);(3,8);(4,8);(5,6);(7,8);(8,9);(10,11);(11,12)",GlobalDistortion,GlobalDistortion,1.0,GlobalDistortion
348,DCO,11 1 12 6 9 10 8 3 5 2 4 7,"(3,8);(4,8);(5,6);(7,8);(8,9);(10,11)",GlobalDistortion,GlobalDistortion,1.0,GlobalDistortion
349,DCO,11 7 12 10 4 9 2 6 8 1 5 3,"(1,4);(3,8);(5,6);(6,7);(8,9);(9,10);(10,11)",GlobalDistortion,GlobalDistortion,1.0,GlobalDistortion
350,DCO,11 10 12 9 2 7 4 3 8 5 1 6,"(1,3);(1,4);(1,5);(6,7);(8,9);(9,10);(10,11)",GlobalDistortion,GlobalDistortion,1.0,GlobalDistortion
351,DCO,4 9 11 7 8 10 3 2 6 5 12 1,"(1,3);(1,4);(1,5);(3,8);(5,6);(6,7);(8,9);(10,11)",GlobalDistortion,GlobalDistortion,1.0,GlobalDistortion
352,DCO,12 10 6 3 9 11 4 8 1 7 5 2,"(1,3);(1,4);(5,6);(7,8);(8,9);(9,10);(11,12)",GlobalDistortion,GlobalDistortion,1.0,GlobalDistortion
353,DCO,10 7 12 4 11 8 6 1 3 5 2 9,"(1,4);(3,8);(5,6);(6,7);(9,10);(11,12)",GlobalDistortion,GlobalDistortion,1.0,GlobalDistortion
354,DCO,12 8 10 6 3 9 2 7 4 1 5 11,"(1,3);(1,4);(3,8);(4,8);(5,6);(7,8);(9,10);(11,12)",GlobalDistortion,GlobalDistortion,1.0,GlobalDistortion
355,DCO,11 8 4 6 10 9 12 7 1 3 5 2,"(1,4);(3,8);(4,8);(5,6);(7,8);(9,10);(10,11)",GlobalDistortion,GlobalDistortion,1.0,GlobalDistortion
356,DCO,5 1 7 12 11 10 4 9 8 3 6 2,"(1,5);(3,8);(6,7);(8,9);(9,10);(10,11);(11,12)",GlobalDistortion,GlobalDistortion,1.0,GlobalDistortion
357,DCO,2 8 12 11 10 7 6 5 4 9 1 3,"(1,4);(1,5);(3,8);(4,8);(5,6);(6,7);(7,8);(9,10);(10,11);(11,12)",GlobalDistortion,GlobalDistortion,1.0,GlobalDistortion
358,DCO,11 6 4 12 5 7 10 8 9 2 1 3,"(1,4);(1,5);(3,8);(5,6);(9,10);(10,11)",GlobalDistortion,GlobalDistortion,1.0,GlobalDistortion
359,DCO,10 8 12 11 9 3 2 4 1 6 7 5,"(1,3);(1,4);(3,8);(4,8);(5,6);(7,8);(9,10);(11,12)",GlobalDistortion,GlobalDistortion,1.0,GlobalDistortion
360,DCO,12 4 11 3 10 9 6 2 1 7 5 8,"(1,3);(1,4);(5,6);(8,9);(9,10);(10,11);(11,12)",GlobalDistortion,GlobalDistortion,1.0,GlobalDistortion
361,DCO,2 10 8 11 7 12 5 9 1 4 6 3,"(1,5);(3,8);(4,8);(6,7);(7,8);(9,10)",GlobalDistortion,GlobalDistortion,1.0,GlobalDistortion
362,DCO,5 7 11 10 9 3 8 2 12 1 4 6,"(1,3);(1,5);(4,8);(6,7);(8,9);(9,10);(10,11)",GlobalDistortion,GlobalDistortion,1.0,GlobalDistortion
363,DCO,6 11 10 12 4 1 8 5 9 2 3 7,"(1,4);(3,8);(5,6);(7,8);(9,10);(10,11)",GlobalDistortion,GlobalDistortion,1.0,GlobalDistortion
364,DCO,7 5 3 12 11 9 4 10 8 1 6 2,"(1,3);(1,4);(1,5);(6,7);(8,9);(10,11);(11,12)",GlobalDistortion,GlobalDistortion,1.0,GlobalDistortion
365,DCO,2 11 8 12 6 10 5 3 7 9 4 1,"(1,3);(1,4);(1,5);(3,8);(4,8);(5,6);(7,8);(9,10);(10,11)",GlobalDistortion,GlobalDistortion,1.0,GlobalDistortion
366,DCO,12 8 6 2 10 4 7 11 1 5 9 3,"(1,4);(3,8);(4,8);(5,6);(7,8);(9,10);(11,12)",GlobalDistortion,GlobalDistortion,1.0,GlobalDistortion
367,DCO,7 5 9 11 8 6 12 1 4 2 10 3,"(1,5);(3,8);(4,8);(6,7);(8,9);(10,11)",GlobalDistortion,GlobalDistortion,1.0,GlobalDistortion
368,DCO,8 11 2 9 12 7 10 5 3 6 4 1,"(1,3);(1,4);(1,5);(3,8);(4,8);(6,7);(7,8);(10,11)",GlobalDistortion,GlobalDistortion,1.0,GlobalDistortion
369,DCO,11 3 8 10 6 9 12 7 2 1 5 4,"(1,3);(4,8);(5,6);(7,8);(9,10);(10,11)",GlobalDistortion,GlobalDistortion,1.0,GlobalDistortion
370,DCO,5 10 11 3 1 12 7 9 8 6 2 4,"(1,3);(1,5);(4,8);(6,7);(8,9);(9,10)",GlobalDistortion,GlobalDistortion,1.0,GlobalDistortion
371,DCO,12 9 11 7 5 4 6 3 1 2 10 8,"(1,3);(1,4);(1,5);(6,7);(8,9);(10,11);(11,12)",GlobalDistortion,GlobalDistortion,1.0,GlobalDistortion
372,DCO,10 1 12 8 11 3 4 6 9 7 5 2,"(3,8);(4,8);(5,6);(7,8);(9,10);(11,12)",GlobalDistortion,GlobalDistortion,1.0,GlobalDistortion
373,DCO,5 10 12 9 3 4 8 7 2 6 1 11,"(1,3);(1,4);(1,5);(6,7);(7,8);(8,9);(9,10);(11,12)",GlobalDistortion,GlobalDistortion,1.0,GlobalDistortion
374,DCO,11 1 9 8 12 6 3 7 5 10 2 4,"(3,8);(4,8);(5,6);(7,8);(8,9);(10,11)",GlobalDistortion,GlobalDistortion,1.0,GlobalDistortion
375,DCO,11 7 8 4 6 3 10 2 12 1 9 5,"(1,3);(1,4);(3,8);(4,8);(5,6);(6,7);(9,10);(10,11)",GlobalDistortion,GlobalDistortion,1.0,GlobalDistortion
376,DCO,2 12 11 6 10 7 5 9 3 8 1 4,"(1,3);(1,5);(4,8);(5,6);(8,9);(9,10);(10,11);(11,12)",GlobalDistortion,GlobalDistortion,1.0,GlobalDistortion
377,DCO,8 11 10 6 1 12 2 7 9 5 4 3,"(3,8);(4,8);(5,6);(7,8);(9,10);(10,11)",GlobalDistortion,GlobalDistortion,1.0,GlobalDistortion
378,DCO,9 10 6 12 3 7 5 1 4 2 11 8,"(1,3);(1,5);(5,6);(8,9);(11,12)",GlobalDistortion,GlobalDistortion,1.0,GlobalDistortion
379,DCO,11 9 4 6 10 8 7 2 1 12 3 5,"(1,4);(3,8);(5,6);(7,8);(8,9);(10,11)",GlobalDistortion,GlobalDistortion,1.0,GlobalDistortion
380,DCO,4 11 10 2 7 12 9 5 3 1 8 6,"(1,3);(1,4);(1,5);(6,7);(8,9);(9,10);(10,11)",GlobalDistortion,GlobalDistortion,1.0,GlobalDistortion
381,DCO,8 10 6 2 7 12 11 5 4 3 1 9,"(1,3);(1,4);(1,5);(3,8);(4,8);(5,6);(7,8);(9,10);(11,12)",GlobalDistortion,GlobalDistortion,1.0,GlobalDistortion
382,DCO,9 5 11 7 12 10 3 2 1 6 4 8,"(1,3);(1,5);(6,7);(8,9);(10,11)",GlobalDistortion,GlobalDistortion,1.0,GlobalDistortion
383,DCO,5 10 12 8 6 11 7 4 2 1 9 3,"(1,4);(1,5);(3,8);(4,8);(7,8);(9,10);(11,12)",GlobalDistortion,GlobalDistortion,1.0,GlobalDistortion
384,DCO,8 9 12 6 10 1 3 5 4 11 2 7,"(3,8);(4,8);(5,6);(7,8);(11,12)",GlobalDistortion,GlobalDistortion,1.0,GlobalDistortion
385,DCO,12 8 5 9 2 11 4 10 1 6 3 7,"(1,4);(1,5);(3,8);(4,8);(7,8);(10,11);(11,12)",GlobalDistortion,GlobalDistortion,1.0,GlobalDistortion
386,DCO,4 11 10 9 8 5 12 6 2 7 1 3,"(1,4);(1,5);(3,8);(7,8);(8,9);(9,10);(10,11)",GlobalDistortion,GlobalDistortion,1.0,GlobalDistortion
387,DCO,8 10 1 12 9 5 2 11 7 4 3 6,"(3,8);(4,8);(6,7);(7,8);(9,10);(11,12)",GlobalDistortion,GlobalDistortion,1.0,GlobalDistortion
388,DCO,4 8 7 11 10 5 2 12 9 6 3 1,"(1,3);(1,4);(1,5);(3,8);(6,7);(7,8);(9,10);(10,11)",GlobalDistortion,GlobalDistortion,1.0,GlobalDistortion
389,DCO,3 11 2 10 9 12 7 5 8 4 6 1,"(1,3);(1,4);(1,5);(4,8);(6,7);(8,9);(9,10);(10,11)",GlobalDistortion,GlobalDistortion,1.0,GlobalDistortion
390,DCO,8 6 12 11 5 10 9 4 1 3 7 2,"(1,4);(1,5);(3,8);(4,8);(5,6);(7,8);(9,10);(10,11);(11,12)",GlobalDistortion,GlobalDistortion,1.0,GlobalDistortion
391,DCO,1 10 12 7 8 4 11 2 9 6 5 3,"(3,8);(4,8);(5,6);(6,7);(9,10);(11,12)",GlobalDistortion,GlobalDistortion,1.0,GlobalDistortion
392,DCO,8 10 1 4 12 7 6 9 11 5 3 2,"(3,8);(4,8);(5,6);(6,7);(7,8);(9,10);(11,12)",GlobalDistortion,GlobalDistortion,1.0,GlobalDistortion
393,DCO,11 5 9 1 12 8 7 3 2 10 6 4,"(1,5);(3,8);(4,8);(6,7);(7,8);(8,9);(10,11)",GlobalDistortion,GlobalDistortion,1.0,GlobalDistortion
394,DCO,10 4 12 11 6 8 2 7 9 5 1 3,"(1,4);(1,5);(3,8);(5,6);(7,8);(9,10);(11,12)",GlobalDistortion,GlobalDistortion,1.0,GlobalDistortion
395,DCO,12 3 11 9 8 7 1 2 4 6 10 5,"(1,3);(4,8);(5,6);(6,7);(7,8);(8,9);(10,11);(11,12)",GlobalDistortion,GlobalDistortion,1.0,GlobalDistortion
396,DCO,10 8 12 3 5 6 9 2 7 4 11 1,"(1,3);(1,4);(1,5);(3,8);(4,8);(7,8);(9,10);(11,12)",GlobalDistortion,GlobalDistortion,1.0,GlobalDistortion
397,DCO,6 8 12 9 10 7 3 5 2 1 4 11,"(1,3);(1,5);(3,8);(4,8);(5,6);(7,8);(11,12)",GlobalDistortion,GlobalDistortion,1.0,GlobalDistortion
398,DCO,12 10 1 6 8 11 7 3 2 4 5 9,"(3,8);(4,8);(5,6);(7,8);(9,10);(11,12)",GlobalDistortion,GlobalDistortion,1.0,GlobalDistortion
399,DCO,2 9 11 10 8 5 7 3 6 12 1 4,"(1,3);(1,5);(3,8);(4,8);(6,7);(7,8);(8,9);(10,11)",GlobalDistortion,GlobalDistortion,1.0,GlobalDistortion
400,Other,1 9 10 7 11 6 12 8 2 3 5 4,"(3,8);(4,8);(5,6);(6,7);(8,9)",GlobalDistortion,GlobalDistortion,1.0,GlobalDistortion
401,Other,4 7 8 12 6 2 3 5 9 11 10 1,"(1,3);(1,4);(1,5);(3,8);(5,6);(6,7);(10,11);(11,12)",GlobalDistortion,GlobalDistortion,1.0,GlobalDistortion
402,Other,7 11 8 9 6 5 1 2 3 4 10 12,"(1,5);(3,8);(4,8);(5,6);(6,7);(10,11)",GlobalDistortion,GlobalDistortion,1.0,GlobalDistortion
403,Other,6 7 10 11 4 2 3 12 9 8 1 5,"(1,3);(1,4);(5,6);(8,9);(9,10)",GlobalDistortion,GlobalDistortion,1.0,GlobalDistortion
404,Other,5 7 1 4 10 9 6 11 2 12 3 8,"(1,5);(6,7);(8,9);(9,10)",GlobalDistortion,GlobalDistortion,1.0,GlobalDistortion
405,Other,12 4 1 10 9 5 6 11 3 2 7 8,"(1,4);(8,9);(9,10);(11,12)",GlobalDistortion,GlobalDistortion,1.0,GlobalDistortion
406,Other,8 7 9 5 6 4 2 3 10 11 1 12,"(1,3);(1,4);(1,5);(3,8);(4,8);(6,7);(7,8)",GlobalDistortion,GlobalDistortion,1.0,GlobalDistortion
407,Other,11 12 7 5 3 4 9 10 8 2 6 1,"(1,3);(1,4);(1,5);(6,7);(8,9);(10,11)",GlobalDistortion,GlobalDistortion,1.0,GlobalDistortion
408,Other,9 10 11 12 3 2 1 6 8 5 7 4,"(1,3);(4,8);(5,6);(7,8);(8,9)",GlobalDistortion,GlobalDistortion,1.0,GlobalDistortion
409,Other,6 3 1 9 4 11 2 8 5 7 12 10,"(1,3);(5,6);(7,8);(8,9);(10,11)",GlobalDistortion,GlobalDistortion,1.0,GlobalDistortion
410,Other,6 11 9 3 4 10 1 12 5 2 7 8,"(1,3);(1,4);(5,6);(8,9);(10,11)",GlobalDistortion,GlobalDistortion,1.0,GlobalDistortion
411,Other,6 3 12 8 4 11 1 2 7 9 10 5,"(1,3);(1,4);(4,8);(5,6);(7,8);(10,11);(11,12)",GlobalDistortion,GlobalDistortion,1.0,GlobalDistortion
412,Other,11 5 4 10 12 1 9 2 6 7 8 3,"(1,4);(1,5);(3,8);(8,9);(9,10);(10,11)",GlobalDistortion,GlobalDistortion,1.0,GlobalDistortion
413,Other,3 10 1 9 6 5 7 2 8 4 11 12,"(1,3);(4,8);(5,6);(8,9);(9,10)",GlobalDistortion,GlobalDistortion,1.0,GlobalDistortion
414,Other,12 5 6 9 10 3 1 4 7 2 11 8,"(1,3);(1,5);(8,9);(11,12)",GlobalDistortion,GlobalDistortion,1.0,GlobalDistortion
415,Other,10 9 5 8 3 4 6 7 12 2 1 11,"(1,3);(1,4);(1,5);(3,8);(4,8);(7,8);(8,9);(9,10);(11,12)",GlobalDistortion,GlobalDistortion,1.0,GlobalDistortion
416,Other,7 8 11 9 12 4 6 2 3 5 1 10,"(1,3);(1,4);(1,5);(3,8);(4,8);(5,6);(6,7);(10,11)",GlobalDistortion,GlobalDistortion,1.0,GlobalDistortion
417,Other,6 5 8 7 2 3 11 12 10 1 4 9,"(1,3);(1,5);(3,8);(4,8);(5,6);(7,8);(9,10);(10,11)",GlobalDistortion,GlobalDistortion,1.0,GlobalDistortion
418,Other,10 11 5 9 4 2 6 1 7 8 12 3,"(1,4);(1,5);(3,8);(8,9);(9,10)",GlobalDistortion,GlobalDistortion,1.0,GlobalDistortion
419,Other,5 12 6 10 11 9 7 1 3 4 8 2,"(1,5);(8,9);(9,10);(11,12)",GlobalDistortion,GlobalDistortion,1.0,GlobalDistortion
420,Other,4 6 5 12 2 10 11 3 1 9 7 8,"(1,3);(1,4);(1,5);(5,6);(8,9);(9,10);(11,12)",GlobalDistortion,GlobalDistortion,1.0,GlobalDistortion
421,Other,7 2 12 9 10 4 5 1 8 3 6 11,"(1,4);(1,5);(3,8);(6,7);(8,9);(11,12)",GlobalDistortion,GlobalDistortion,1.0,GlobalDistortion
422,Other,1 10 11 7 2 6 5 9 4 12 3 8,"(5,6);(6,7);(8,9);(9,10)",GlobalDistortion,GlobalDistortion,1.0,GlobalDistortion
423,Other,4 9 1 6 11 5 10 3 2 8 12 7,"(1,4);(5,6);(7,8);(8,9);(10,11)",GlobalDistortion,GlobalDistortion,1.0,GlobalDistortion
424,Other,11 1 3 6 8 2 5 7 9 4 12 10,"(4,8);(5,6);(7,8);(10,11)",GlobalDistortion,GlobalDistortion,1.0,GlobalDistortion
425,Other,8 2 6 9 10 3 11 12 4 1 5 7,"(1,3);(1,4);(3,8);(4,8);(5,6);(7,8)",GlobalDistortion,GlobalDistortion,1.0,GlobalDistortion
426,Other,11 9 2 3 1 8 6 10 7 12 4 5,"(1,3);(4,8);(5,6);(7,8);(8,9);(10,11)",GlobalDistortion,GlobalDistortion,1.0,GlobalDistortion
427,Other,5 10 3 1 6 4 7 11 8 12 2 9,"(1,3);(1,5);(9,10)",FrontEndMove,FrontEndMove,1.0,FrontEndMove
428,Other,9 1 12 5 6 2 8 11 10 3 4 7,"(3,8);(4,8);(7,8);(8,9);(10,11);(11,12)",GlobalDistortion,GlobalDistortion,1.0,GlobalDistortion
429,Other,6 4 2 1 10 7 9 11 3 5 8 12,"(1,4);(5,6);(8,9);(9,10)",GlobalDistortion,GlobalDistortion,1.0,GlobalDistortion
430,Other,5 9 1 8 10 11 3 4 12 2 6 7,"(1,5);(3,8);(4,8);(7,8);(8,9)",GlobalDistortion,GlobalDistortion,1.0,GlobalDistortion
431,Other,6 12 1 4 5 8 10 11 9 2 3 7,"(3,8);(5,6);(7,8);(9,10);(11,12)",GlobalDistortion,GlobalDistortion,1.0,GlobalDistortion
432,Other,12 2 1 3 10 11 5 9 7 8 6 4,"(4,8);(6,7);(8,9);(9,10);(11,12)",GlobalDistortion,GlobalDistortion,1.0,GlobalDistortion
433,Other,1 7 5 4 11 10 6 9 2 12 3 8,"(6,7);(8,9);(9,10);(10,11)",GlobalDistortion,GlobalDistortion,1.0,GlobalDistortion
434,Other,5 6 9 1 10 4 11 12 7 3 2 8,"(1,5);(8,9)",FrontEndMove,FrontEndMove,1.0,FrontEndMove
435,Other,12 5 8 9 3 10 2 4 11 6 7 1,"(1,3);(1,4);(1,5);(3,8);(4,8);(7,8);(11,12)",GlobalDistortion,GlobalDistortion,1.0,GlobalDistortion
436,Other,11 1 4 5 9 3 7 6 8 2 12 10,"(6,7);(8,9);(10,11)",BlockReorderExtreme,BlockReorderExtreme,1.0,BlockReorderExtreme
437,Other,10 11 6 7 5 9 12 2 1 4 8 3,"(1,5);(3,8);(5,6);(8,9);(9,10)",GlobalDistortion,GlobalDistortion,1.0,GlobalDistortion
438,Other,12 4 11 10 6 7 5 9 8 3 1 2,"(1,3);(1,4);(1,5);(3,8);(5,6);(8,9);(9,10);(10,11);(11,12)",GlobalDistortion,GlobalDistortion,1.0,GlobalDistortion
439,Other,3 7 6 1 4 8 10 5 11 12 9 2,"(1,3);(5,6);(6,7);(9,10)",GlobalDistortion,GlobalDistortion,1.0,GlobalDistortion
440,Other,10 11 12 8 1 4 2 3 5 7 6 9,"(3,8);(4,8);(6,7);(7,8);(9,10)",GlobalDistortion,GlobalDistortion,1.0,GlobalDistortion
441,Other,2 10 7 4 9 11 12 1 5 6 3 8,"(1,4);(6,7);(8,9);(9,10)",GlobalDistortion,GlobalDistortion,1.0,GlobalDistortion
442,Other,11 3 8 9 12 7 5 6 2 1 10 4,"(1,3);(1,5);(4,8);(6,7);(7,8);(10,11)",GlobalDistortion,GlobalDistortion,1.0,GlobalDistortion
443,Other,2 12 4 7 8 9 11 3 10 5 1 6,"(1,3);(1,4);(1,5);(3,8);(6,7);(10,11);(11,12)",GlobalDistortion,GlobalDistortion,1.0,GlobalDistortion
444,Other,3 5 10 11 8 9 2 7 6 12 1 4,"(1,3);(1,5);(4,8);(6,7);(7,8);(9,10)",GlobalDistortion,GlobalDistortion,1.0,GlobalDistortion
445,Other,4 5 9 11 12 6 8 10 3 2 1 7,"(1,3);(1,4);(1,5);(3,8);(7,8);(8,9);(10,11)",GlobalDistortion,GlobalDistortion,1.0,GlobalDistortion
446,Other,9 3 4 1 10 8 6 5 12 2 11 7,"(1,3);(1,4);(5,6);(7,8);(8,9);(11,12)",GlobalDistortion,GlobalDistortion,1.0,GlobalDistortion
447,Other,7 5 6 9 4 10 8 3 1 2 12 11,"(1,3);(1,4);(1,5);(3,8);(6,7);(8,9);(11,12)",GlobalDistortion,GlobalDistortion,1.0,GlobalDistortion
448,Other,1 5 2 9 7 10 3 11 6 12 4 8,"(6,7);(8,9)",BlockReorderExtreme,BlockReorderExtreme,1.0,BlockReorderExtreme
449,Other,2 12 9 8 6 7 10 11 4 3 1 5,"(1,3);(1,4);(3,8);(4,8);(5,6);(7,8);(8,9);(11,12)",GlobalDistortion,GlobalDistortion,1.0,GlobalDistortion
450,Other,6 10 4 5 8 9 3 2 12 7 11 1,"(1,3);(1,4);(1,5);(3,8);(5,6);(7,8);(9,10);(11,12)",GlobalDistortion,GlobalDistortion,1.0,GlobalDistortion
451,Other,1 10 11 5 12 8 3 9 6 7 2 4,"(3,8);(4,8);(7,8);(9,10)",GlobalDistortion,GlobalDistortion,1.0,GlobalDistortion
452,Other,11 3 4 5 10 12 7 9 2 6 8 1,"(1,3);(1,4);(1,5);(6,7);(8,9);(9,10);(10,11)",GlobalDistortion,GlobalDistortion,1.0,GlobalDistortion
453,Other,10 7 9 3 4 11 8 2 5 6 12 1,"(1,3);(1,4);(1,5);(6,7);(8,9);(9,10)",GlobalDistortion,GlobalDistortion,1.0,GlobalDistortion
454,Other,11 6 1 10 5 9 4 3 7 12 8 2,"(5,6);(8,9);(9,10);(10,11)",GlobalDistortion,GlobalDistortion,1.0,GlobalDistortion
455,Other,9 1 11 12 7 5 6 4 3 10 8 2,"(6,7);(8,9);(10,11)",BlockReorderExtreme,BlockReorderExtreme,1.0,BlockReorderExtreme
456,Other,3 11 12 6 7 2 4 1 5 10 9 8,"(1,3);(1,4);(5,6);(8,9);(9,10);(10,11)",GlobalDistortion,GlobalDistortion,1.0,GlobalDistortion
457,Other,10 6 9 8 2 3 11 12 1 5 7 4,"(1,3);(3,8);(4,8);(5,6);(7,8);(8,9);(9,10)",GlobalDistortion,GlobalDistortion,1.0,GlobalDistortion
458,Other,11 6 1 9 5 4 3 7 8 2 10 12,"(5,6);(8,9);(10,11)",BlockReorderExtreme,BlockReorderExtreme,1.0,BlockReorderExtreme
459,Other,12 4 6 10 5 7 2 3 8 9 1 11,"(1,3);(1,4);(1,5);(5,6);(9,10);(11,12)",GlobalDistortion,GlobalDistortion,1.0,GlobalDistortion
460,Other,12 10 3 7 8 4 6 1 2 5 11 9,"(1,3);(1,4);(4,8);(5,6);(6,7);(9,10);(11,12)",GlobalDistortion,GlobalDistortion,1.0,GlobalDistortion
461,Other,7 8 2 12 11 10 4 5 9 6 1 3,"(1,4);(1,5);(3,8);(4,8);(6,7);(9,10);(10,11);(11,12)",GlobalDistortion,GlobalDistortion,1.0,GlobalDistortion
462,Other,6 5 3 8 9 12 1 4 10 11 7 2,"(1,3);(1,5);(4,8);(5,6);(7,8);(11,12)",GlobalDistortion,GlobalDistortion,1.0,GlobalDistortion
463,Other,10 9 7 5 11 12 1 8 6 4 2 3,"(1,5);(3,8);(4,8);(6,7);(8,9);(9,10)",GlobalDistortion,GlobalDistortion,1.0,GlobalDistortion
464,Other,3 9 4 10 11 12 8 1 5 6 2 7,"(1,3);(1,4);(7,8);(8,9)",GlobalDistortion,GlobalDistortion,1.0,GlobalDistortion
465,Other,6 7 10 12 1 9 2 4 5 11 3 8,"(5,6);(8,9);(9,10);(11,12)",GlobalDistortion,GlobalDistortion,1.0,GlobalDistortion
466,Other,11 8 9 2 6 7 1 4 10 3 5 12,"(3,8);(4,8);(5,6);(7,8);(10,11)",GlobalDistortion,GlobalDistortion,1.0,GlobalDistortion
467,Other,12 11 5 6 7 1 8 10 4 9 3 2,"(1,5);(3,8);(4,8);(9,10);(10,11);(11,12)",GlobalDistortion,GlobalDistortion,1.0,GlobalDistortion
468,Other,6 12 4 10 11 9 2 7 8 5 1 3,"(1,4);(1,5);(3,8);(5,6);(8,9);(9,10);(11,12)",GlobalDistortion,GlobalDistortion,1.0,GlobalDistortion
469,Other,6 5 1 7 4 10 3 2 8 11 12 9,"(1,5);(5,6);(9,10)",FrontEndMove,FrontEndMove,1.0,FrontEndMove
470,Other,10 11 3 4 9 2 8 6 7 5 12 1,"(1,3);(1,4);(1,5);(5,6);(7,8);(8,9);(9,10)",GlobalDistortion,GlobalDistortion,1.0,GlobalDistortion
471,Other,2 9 12 4 7 8 3 1 10 11 6 5,"(1,3);(1,4);(3,8);(5,6);(6,7);(8,9);(11,12)",GlobalDistortion,GlobalDistortion,1.0,GlobalDistortion
472,Other,7 3 1 11 4 8 10 6 12 9 2 5,"(1,3);(5,6);(6,7);(9,10);(10,11)",GlobalDistortion,GlobalDistortion,1.0,GlobalDistortion
473,Other,11 6 1 10 5 3 7 2 12 9 8 4,"(4,8);(5,6);(8,9);(9,10);(10,11)",GlobalDistortion,GlobalDistortion,1.0,GlobalDistortion
474,Other,4 8 9 3 11 10 6 7 2 12 1 5,"(1,3);(1,4);(3,8);(5,6);(7,8);(10,11)",GlobalDistortion,GlobalDistortion,1.0,GlobalDistortion
475,Other,3 8 11 2 10 9 4 1 12 5 6 7,"(1,3);(1,4);(4,8);(7,8);(9,10);(10,11)",GlobalDistortion,GlobalDistortion,1.0,GlobalDistortion
476,Other,6 8 9 4 10 11 5 2 7 1 12 3,"(1,4);(1,5);(3,8);(4,8);(5,6);(7,8)",GlobalDistortion,GlobalDistortion,1.0,GlobalDistortion
477,Other,1 10 3 7 4 9 2 5 12 11 8 6,"(6,7);(8,9);(9,10);(11,12)",GlobalDistortion,GlobalDistortion,1.0,GlobalDistortion
478,Other,6 7 8 3 10 12 11 5 2 4 1 9,"(1,3);(1,4);(1,5);(3,8);(4,8);(5,6);(9,10);(11,12)",GlobalDistortion,GlobalDistortion,1.0,GlobalDistortion
479,Other,12 6 9 10 7 4 3 1 2 8 5 11,"(1,3);(1,4);(5,6);(8,9);(11,12)",GlobalDistortion,GlobalDistortion,1.0,GlobalDistortion
480,Other,9 8 10 4 1 12 7 5 6 2 3 11,"(1,4);(3,8);(4,8);(6,7);(7,8);(8,9);(11,12)",GlobalDistortion,GlobalDistortion,1.0,GlobalDistortion
481,Other,5 4 8 9 11 3 12 10 6 7 1 2,"(1,3);(1,4);(1,5);(3,8);(7,8);(10,11)",GlobalDistortion,GlobalDistortion,1.0,GlobalDistortion
482,Other,11 12 1 4 7 8 9 5 10 3 2 6,"(3,8);(6,7);(10,11)",BlockReorderExtreme,BlockReorderExtreme,1.0,BlockReorderExtreme
483,Other,2 1 6 4 3 10 11 9 12 8 7 5,"(5,6);(7,8);(8,9);(9,10)",GlobalDistortion,GlobalDistortion,1.0,GlobalDistortion
484,Other,9 1 3 10 2 8 7 6 5 11 4 12,"(4,8);(5,6);(6,7);(7,8);(8,9)",GlobalDistortion,GlobalDistortion,1.0,GlobalDistortion
485,Other,7 5 6 12 3 4 10 9 2 11 1 8,"(1,3);(1,4);(1,5);(6,7);(8,9);(9,10);(11,12)",GlobalDistortion,GlobalDistortion,1.0,GlobalDistortion
486,Other,2 8 9 12 10 4 1 11 3 7 5 6,"(1,4);(3,8);(4,8);(6,7);(7,8);(11,12)",GlobalDistortion,GlobalDistortion,1.0,GlobalDistortion
487,Other,5 11 12 10 9 4 2 3 8 6 1 7,"(1,3);(1,4);(1,5);(7,8);(8,9);(9,10);(10,11)",GlobalDistortion,GlobalDistortion,1.0,GlobalDistortion
488,Other,12 9 11 8 5 3 4 10 1 2 6 7,"(1,3);(1,4);(1,5);(3,8);(4,8);(7,8);(8,9);(10,11);(11,12)",GlobalDistortion,GlobalDistortion,1.0,GlobalDistortion
489,Other,9 6 7 3 4 8 10 11 2 1 5 12,"(1,3);(1,4);(5,6);(8,9)",GlobalDistortion,GlobalDistortion,1.0,GlobalDistortion
490,Other,11 8 9 12 5 2 3 1 7 10 6 4,"(1,3);(1,5);(3,8);(4,8);(6,7);(7,8);(10,11)",GlobalDistortion,GlobalDistortion,1.0,GlobalDistortion
491,Other,9 1 11 5 7 8 2 10 3 4 12 6,"(3,8);(4,8);(6,7);(8,9);(10,11)",GlobalDistortion,GlobalDistortion,1.0,GlobalDistortion
492,Other,7 9 10 1 11 2 8 3 6 12 4 5,"(3,8);(4,8);(5,6);(6,7);(8,9)",GlobalDistortion,GlobalDistortion,1.0,GlobalDistortion
493,Other,11 12 4 1 8 9 3 7 10 5 2 6,"(1,4);(3,8);(6,7);(7,8);(10,11)",GlobalDistortion,GlobalDistortion,1.0,GlobalDistortion
494,Other,10 9 6 7 1 2 4 5 8 12 11 3,"(3,8);(5,6);(8,9);(9,10);(11,12)",GlobalDistortion,GlobalDistortion,1.0,GlobalDistortion
495,Other,5 6 7 2 9 11 4 12 10 3 8 1,"(1,3);(1,4);(1,5);(8,9);(10,11)",GlobalDistortion,GlobalDistortion,1.0,GlobalDistortion
496,Other,7 12 3 10 11 2 8 6 9 4 5 1,"(1,3);(1,4);(1,5);(4,8);(5,6);(6,7);(9,10);(11,12)",GlobalDistortion,GlobalDistortion,1.0,GlobalDistortion
497,Other,6 9 10 8 5 7 12 2 11 3 4 1,"(1,3);(1,4);(1,5);(3,8);(4,8);(5,6);(7,8);(8,9);(11,12)",GlobalDistortion,GlobalDistortion,1.0,GlobalDistortion
498,Other,4 9 8 10 11 12 7 5 1 3 2 6,"(1,4);(1,5);(3,8);(6,7);(7,8);(8,9)",GlobalDistortion,GlobalDistortion,1.0,GlobalDistortion
499,Other,12 8 9 7 11 6 10 5 2 3 4 1,"(1,3);(1,4);(1,5);(3,8);(4,8);(5,6);(6,7);(7,8);(10,11);(11,12)",GlobalDistortion,GlobalDistortion,1.0,GlobalDistortion
500,FMEM,2 3 4 5 6 7 8 9 10 11 12 1,"(1,3);(1,4);(1,5)",FrontEndMove,FrontEndMove,1.0,FrontEndMove
501,FMEM,12 1 2 3 4 5 6 7 8 9 10 11,"(11,12)",AnchorPreservingDisorder,AnchorPreservingDisorder,1.0,AnchorPreservingDisorder
502,FMEM,2 3 4 5 6 7 8 9 10 11 1 12,"(1,3);(1,4);(1,5)",FrontEndMove,FrontEndMove,1.0,FrontEndMove
503,FMEM,1 12 2 3 4 5 6 7 8 9 10 11,"(11,12)",AnchorPreservingDisorder,AnchorPreservingDisorder,1.0,AnchorPreservingDisorder
504,FMEM,11 1 2 3 4 5 6 7 8 9 10 12,"(10,11)",AnchorPreservingDisorder,AnchorPreservingDisorder,1.0,AnchorPreservingDisorder
505,FMEM,2 3 4 5 6 7 8 9 10 1 11 12,"(1,3);(1,4);(1,5)",FrontEndMove,FrontEndMove,1.0,FrontEndMove
506,FMEM,1 2 4 5 6 7 8 9 10 11 12 3,"(3,8)",BlockReorderExtreme,BlockReorderExtreme,1.0,BlockReorderExtreme
507,FMEM,1 2 12 3 4 5 6 7 8 9 10 11,"(11,12)",AnchorPreservingDisorder,AnchorPreservingDisorder,1.0,AnchorPreservingDisorder
508,FMEM,1 11 2 3 4 5 6 7 8 9 10 12,"(10,11)",AnchorPreservingDisorder,AnchorPreservingDisorder,1.0,AnchorPreservingDisorder
509,FMEM,10 1 2 3 4 5 6 7 8 9 11 12,"(9,10)",AnchorPreservingDisorder,AnchorPreservingDisorder,1.0,AnchorPreservingDisorder
510,FMEM,1 2 4 5 6 7 8 9 10 11 3 12,"(3,8)",BlockReorderExtreme,BlockReorderExtreme,1.0,BlockReorderExtreme
511,FMEM,1 2 3 5 6 7 8 9 10 11 12 4,"(4,8)",BlockReorderExtreme,BlockReorderExtreme,1.0,BlockReorderExtreme
512,FMEM,1 2 11 3 4 5 6 7 8 9 10 12,"(10,11)",AnchorPreservingDisorder,AnchorPreservingDisorder,1.0,AnchorPreservingDisorder
513,FMEM,1 10 2 3 4 5 6 7 8 9 11 12,"(9,10)",AnchorPreservingDisorder,AnchorPreservingDisorder,1.0,AnchorPreservingDisorder
514,FMEM,9 1 2 3 4 5 6 7 8 10 11 12,"(8,9)",BlockReorderExtreme,BlockReorderExtreme,1.0,BlockReorderExtreme
515,FMEM,1 2 4 5 6 7 8 9 10 3 11 12,"(3,8)",BlockReorderExtreme,BlockReorderExtreme,1.0,BlockReorderExtreme
516,FMEM,1 2 3 5 6 7 8 9 10 11 4 12,"(4,8)",BlockReorderExtreme,BlockReorderExtreme,1.0,BlockReorderExtreme
517,FMEM,1 2 3 4 6 7 8 9 10 11 12 5,"(5,6)",BlockReorderExtreme,BlockReorderExtreme,1.0,BlockReorderExtreme
518,FMEM,1 2 10 3 4 5 6 7 8 9 11 12,"(9,10)",AnchorPreservingDisorder,AnchorPreservingDisorder,1.0,AnchorPreservingDisorder
519,FMEM,1 9 2 3 4 5 6 7 8 10 11 12,"(8,9)",BlockReorderExtreme,BlockReorderExtreme,1.0,BlockReorderExtreme
