index,orig_motif,perm_str,violated_covers,primary_label,GD_flag,Front_flag,BRE_flag,DCO_flag,APD_flag,Other_flag
0,0,5 7 3 9 10 6 4 8 2 11 1,"(1,3);(1,4);(1,5);(6,7);(8,9)",GlobalDistortion,1,1,1,0,0,0
1,1,8 10 5 3 11 2 6 1 4 9 7,"(1,3);(1,5);(3,8);(4,8);(7,8);(9,10)",GlobalDistortion,1,1,1,1,0,0
2,2,11 8 7 4 10 3 1 6 9 2 5,"(1,3);(1,4);(3,8);(4,8);(5,6);(6,7);(7,8);(9,10);(10,11)",GlobalDistortion,1,1,1,1,0,0
3,3,11 1 3 7 5 9 4 10 6 2 8,"(6,7);(8,9);(10,11)",BlockReorderExtreme,0,0,1,0,1,0
4,4,7 3 5 8 6 10 9 4 1 2 11,"(1,3);(1,4);(1,5);(4,8);(6,7);(9,10)",GlobalDistortion,1,1,1,1,0,0
5,5,6 3 4 1 9 7 2 8 11 5 10,"(1,3);(1,4);(5,6);(8,9);(10,11)",GlobalDistortion,1,1,1,1,0,0
6,6,10 4 8 7 2 9 3 6 5 11 1,"(1,3);(1,4);(1,5);(3,8);(5,6);(6,7);(7,8);(9,10)",GlobalDistortion,1,1,1,1,0,0
7,7,1 5 3 8 9 11 2 4 7 10 6,"(4,8);(6,7);(7,8);(10,11)",GlobalDistortion,1,0,1,0,1,0
8,8,8 1 5 11 7 4 3 9 2 6 10,"(3,8);(4,8);(6,7);(7,8);(10,11)",GlobalDistortion,1,0,1,0,1,0
9,9,7 6 9 11 3 1 5 4 8 2 10,"(1,3);(5,6);(6,7);(8,9);(10,11)",GlobalDistortion,1,1,1,1,0,0
10,10,10 3 1 7 9 5 6 2 8 4 11,"(1,3);(4,8);(6,7);(8,9);(9,10)",GlobalDistortion,1,1,1,1,0,0
11,11,6 4 2 11 7 9 3 5 1 10 8,"(1,3);(1,4);(1,5);(5,6);(8,9);(10,11)",GlobalDistortion,1,1,1,1,0,0
12,12,3 6 4 7 11 10 5 8 2 9 1,"(1,3);(1,4);(1,5);(5,6);(9,10);(10,11)",GlobalDistortion,1,1,1,1,0,0
13,13,1 3 5 10 7 9 2 6 11 4 8,"(6,7);(8,9);(9,10)",BlockReorderExtreme,0,0,1,0,1,0
14,14,6 9 4 5 3 1 10 2 11 8 7,"(1,3);(1,4);(1,5);(5,6);(7,8);(8,9)",GlobalDistortion,1,1,1,0,0,0
15,15,6 10 4 3 5 7 8 11 2 1 9,"(1,3);(1,4);(1,5);(5,6);(9,10)",GlobalDistortion,1,1,1,1,0,0
16,16,9 2 1 8 6 11 5 3 7 10 4,"(3,8);(4,8);(5,6);(7,8);(8,9);(10,11)",GlobalDistortion,1,0,1,0,1,0
17,17,8 1 7 4 5 10 3 11 9 2 6,"(3,8);(4,8);(6,7);(7,8);(9,10)",GlobalDistortion,1,0,1,0,1,0
18,18,9 3 4 5 7 6 2 11 8 10 1,"(1,3);(1,4);(1,5);(6,7);(8,9);(10,11)",GlobalDistortion,1,1,1,1,0,0
19,19,7 4 2 5 8 11 9 10 3 1 6,"(1,3);(1,4);(1,5);(3,8);(6,7);(10,11)",GlobalDistortion,1,1,1,1,0,0
20,20,3 8 5 2 6 4 10 7 9 11 1,"(1,3);(1,4);(1,5);(4,8);(7,8);(9,10)",GlobalDistortion,1,1,1,1,0,0
21,21,7 3 8 5 1 9 4 11 2 6 10,"(1,3);(1,5);(4,8);(6,7);(10,11)",GlobalDistortion,1,1,1,1,0,0
22,22,7 1 9 6 3 2 8 11 10 5 4,"(4,8);(5,6);(6,7);(8,9);(10,11)",GlobalDistortion,1,0,1,0,1,0
23,23,3 5 11 6 10 4 8 2 9 7 1,"(1,3);(1,4);(1,5);(7,8);(9,10);(10,11)",GlobalDistortion,1,1,1,1,0,0
24,24,6 9 3 7 8 5 1 11 4 2 10,"(1,3);(1,5);(4,8);(5,6);(8,9);(10,11)",GlobalDistortion,1,1,1,1,0,0
25,25,6 2 11 1 3 8 7 4 10 5 9,"(4,8);(5,6);(7,8);(9,10);(10,11)",GlobalDistortion,1,0,1,0,1,0
26,26,9 11 6 3 2 7 8 5 10 1 4,"(1,3);(1,5);(4,8);(5,6);(8,9);(10,11)",GlobalDistortion,1,1,1,1,0,0
27,27,6 5 3 11 7 10 4 9 2 1 8,"(1,3);(1,4);(1,5);(5,6);(8,9);(9,10);(10,11)",GlobalDistortion,1,1,1,1,0,0
28,28,3 10 8 6 7 2 9 11 5 4 1,"(1,3);(1,4);(1,5);(4,8);(5,6);(7,8);(9,10)",GlobalDistortion,1,1,1,1,0,0
29,29,6 5 4 7 2 1 11 8 10 3 9,"(1,4);(1,5);(3,8);(5,6);(9,10);(10,11)",GlobalDistortion,1,1,1,1,0,0
30,30,7 10 5 11 9 3 8 1 6 2 4,"(1,3);(1,5);(4,8);(6,7);(8,9);(9,10)",GlobalDistortion,1,1,1,1,0,0
31,31,6 11 2 8 5 3 7 9 1 10 4,"(1,3);(1,5);(3,8);(4,8);(5,6);(7,8);(10,11)",GlobalDistortion,1,1,1,1,0,0
32,32,11 2 5 9 8 7 3 10 6 1 4,"(1,3);(1,5);(3,8);(4,8);(6,7);(7,8);(8,9);(10,11)",GlobalDistortion,1,1,1,1,0,0
33,33,1 11 7 6 3 5 9 8 4 2 10,"(4,8);(5,6);(6,7);(8,9);(10,11)",GlobalDistortion,1,0,1,0,1,0
34,34,9 1 4 10 2 7 5 11 6 3 8,"(6,7);(8,9)",BlockReorderExtreme,0,0,1,0,1,0
35,35,10 5 3 8 4 6 9 2 7 11 1,"(1,3);(1,4);(1,5);(4,8);(7,8);(9,10)",GlobalDistortion,1,1,1,1,0,0
36,36,5 1 4 3 6 2 9 11 10 7 8,"(1,5);(8,9);(10,11)",FrontEndMove,0,1,1,1,0,0
37,37,4 1 7 5 9 10 8 2 11 3 6,"(1,4);(3,8);(6,7);(8,9)",GlobalDistortion,1,1,1,0,0,0
38,38,5 7 2 4 3 8 11 9 1 10 6,"(1,3);(1,4);(1,5);(6,7);(10,11)",GlobalDistortion,1,1,1,1,0,0
39,39,8 3 9 1 11 4 2 7 6 10 5,"(1,3);(3,8);(4,8);(5,6);(6,7);(7,8);(10,11)",GlobalDistortion,1,1,1,1,0,0
40,40,4 5 9 3 8 1 11 7 6 10 2,"(1,3);(1,4);(1,5);(6,7);(7,8);(8,9);(10,11)",GlobalDistortion,1,1,1,1,0,0
41,41,11 9 2 1 3 8 4 6 10 5 7,"(4,8);(5,6);(7,8);(8,9);(10,11)",GlobalDistortion,1,0,1,0,1,0
42,42,4 7 6 2 11 5 8 10 3 9 1,"(1,3);(1,4);(1,5);(3,8);(5,6);(6,7);(9,10);(10,11)",GlobalDistortion,1,1,1,1,0,0
43,43,3 6 8 11 4 1 7 10 2 9 5,"(1,3);(1,4);(4,8);(5,6);(7,8);(9,10);(10,11)",GlobalDistortion,1,1,1,1,0,0
44,44,3 9 7 1 10 4 2 11 6 8 5,"(1,3);(5,6);(6,7);(8,9)",GlobalDistortion,1,1,1,0,0,0
45,45,1 2 9 8 3 7 5 11 10 6 4,"(3,8);(4,8);(6,7);(7,8);(8,9);(10,11)",GlobalDistortion,1,0,1,0,1,0
46,46,1 6 4 9 7 11 10 3 8 2 5,"(5,6);(8,9);(10,11)",BlockReorderExtreme,0,0,1,0,1,0
47,47,7 9 8 6 1 3 11 5 10 4 2,"(3,8);(4,8);(5,6);(6,7);(8,9);(10,11)",GlobalDistortion,1,0,1,0,1,0
48,48,5 3 2 10 9 6 11 7 4 8 1,"(1,3);(1,4);(1,5);(8,9);(9,10)",GlobalDistortion,1,1,1,1,0,0
49,49,10 9 2 11 8 3 6 4 1 5 7,"(1,3);(1,4);(3,8);(4,8);(5,6);(7,8);(8,9);(9,10)",GlobalDistortion,1,1,1,1,0,0
50,50,11 5 3 10 7 4 6 8 1 9 2,"(1,3);(1,4);(1,5);(6,7);(9,10);(10,11)",GlobalDistortion,1,1,1,1,0,0
51,51,4 1 2 5 3 7 11 10 9 6 8,"(1,4);(6,7);(8,9);(9,10);(10,11)",GlobalDistortion,1,1,1,1,0,0
52,52,8 3 6 7 10 1 5 4 11 2 9,"(1,3);(3,8);(4,8);(5,6);(7,8);(9,10)",GlobalDistortion,1,1,1,1,0,0
53,53,5 4 3 9 2 10 11 8 7 6 1,"(1,3);(1,4);(1,5);(6,7);(7,8);(8,9)",GlobalDistortion,1,1,1,0,0,0
54,54,5 11 10 7 2 6 1 9 4 3 8,"(1,5);(6,7);(8,9);(9,10);(10,11)",GlobalDistortion,1,1,1,1,0,0
55,55,10 5 6 3 4 2 11 8 7 1 9,"(1,3);(1,4);(1,5);(7,8);(9,10)",GlobalDistortion,1,1,1,1,0,0
56,56,4 8 3 11 1 10 9 6 5 7 2,"(1,3);(1,4);(3,8);(5,6);(7,8);(9,10);(10,11)",GlobalDistortion,1,1,1,1,0,0
57,57,8 5 2 9 3 10 1 6 4 7 11,"(1,3);(1,5);(3,8);(4,8);(7,8)",GlobalDistortion,1,1,1,0,0,0
58,58,5 4 11 3 2 9 7 10 1 8 6,"(1,3);(1,4);(1,5);(6,7);(8,9);(10,11)",GlobalDistortion,1,1,1,1,0,0
59,59,9 5 6 8 3 2 11 4 1 7 10,"(1,3);(1,4);(1,5);(3,8);(4,8);(7,8);(8,9);(10,11)",GlobalDistortion,1,1,1,1,0,0
60,60,9 2 7 3 11 10 1 4 8 5 6,"(1,3);(6,7);(8,9);(10,11)",GlobalDistortion,1,1,1,1,0,0
61,61,3 9 4 2 10 11 8 7 5 1 6,"(1,3);(1,4);(1,5);(6,7);(7,8);(8,9)",GlobalDistortion,1,1,1,0,0,0
62,62,7 11 4 10 1 3 6 2 5 9 8,"(1,4);(5,6);(6,7);(8,9);(9,10);(10,11)",GlobalDistortion,1,1,1,1,0,0
63,63,8 1 4 3 5 9 11 7 2 10 6,"(3,8);(4,8);(6,7);(7,8);(10,11)",GlobalDistortion,1,0,1,0,1,0
64,64,2 4 3 1 9 7 11 6 8 10 5,"(1,3);(1,4);(5,6);(6,7);(8,9);(10,11)",GlobalDistortion,1,1,1,1,0,0
65,65,3 7 9 6 5 1 8 2 11 4 10,"(1,3);(1,5);(4,8);(5,6);(6,7);(8,9);(10,11)",GlobalDistortion,1,1,1,1,0,0
66,66,9 7 8 2 3 6 4 10 5 11 1,"(1,3);(1,4);(1,5);(3,8);(4,8);(5,6);(6,7);(8,9)",GlobalDistortion,1,1,1,0,0,0
67,67,7 6 5 2 3 4 1 8 11 10 9,"(1,3);(1,4);(1,5);(5,6);(6,7);(9,10);(10,11)",GlobalDistortion,1,1,1,1,0,0
68,68,2 6 8 3 11 1 5 9 10 4 7,"(1,3);(3,8);(4,8);(5,6);(7,8);(10,11)",GlobalDistortion,1,1,1,1,0,0
69,69,8 11 1 10 3 9 6 4 5 7 2,"(3,8);(4,8);(5,6);(7,8);(9,10);(10,11)",GlobalDistortion,1,0,1,0,1,0
70,70,11 3 8 5 2 6 7 10 9 1 4,"(1,3);(1,5);(4,8);(7,8);(9,10);(10,11)",GlobalDistortion,1,1,1,1,0,0
71,71,1 9 3 7 10 8 11 6 5 4 2,"(4,8);(5,6);(6,7);(8,9)",GlobalDistortion,1,0,1,0,1,0
72,72,2 11 8 9 3 1 6 5 10 7 4,"(1,3);(3,8);(4,8);(5,6);(7,8);(10,11)",GlobalDistortion,1,1,1,1,0,0
73,73,2 4 7 3 9 1 5 8 6 11 10,"(1,3);(1,4);(6,7);(8,9);(10,11)",GlobalDistortion,1,1,1,1,0,0
74,74,3 9 8 2 11 1 10 6 4 5 7,"(1,3);(4,8);(5,6);(7,8);(8,9);(10,11)",GlobalDistortion,1,1,1,1,0,0
75,75,6 3 8 11 1 10 5 4 7 2 9,"(1,3);(4,8);(5,6);(7,8);(9,10);(10,11)",GlobalDistortion,1,1,1,1,0,0
76,76,1 3 5 6 10 8 11 9 2 7 4,"(4,8);(7,8);(9,10)",BlockReorderExtreme,0,0,1,0,1,0
77,77,5 8 11 1 10 3 4 7 2 6 9,"(1,5);(3,8);(4,8);(6,7);(7,8);(9,10);(10,11)",GlobalDistortion,1,1,1,1,0,0
78,78,8 2 6 4 3 9 1 5 11 10 7,"(1,3);(1,4);(3,8);(4,8);(5,6);(7,8);(10,11)",GlobalDistortion,1,1,1,1,0,0
79,79,3 6 10 1 11 8 5 9 7 2 4,"(1,3);(4,8);(5,6);(7,8);(9,10)",GlobalDistortion,1,1,1,1,0,0
80,80,10 8 1 5 7 4 6 2 11 9 3,"(3,8);(4,8);(6,7);(7,8);(9,10)",GlobalDistortion,1,0,1,0,1,0
81,81,4 7 8 6 11 2 10 9 3 5 1,"(1,3);(1,4);(1,5);(3,8);(5,6);(6,7);(9,10);(10,11)",GlobalDistortion,1,1,1,1,0,0
82,82,5 3 9 1 4 6 11 7 10 2 8,"(1,3);(1,5);(8,9);(10,11)",GlobalDistortion,1,1,1,1,0,0
83,83,11 3 2 6 10 5 7 4 8 1 9,"(1,3);(1,4);(1,5);(5,6);(9,10);(10,11)",GlobalDistortion,1,1,1,1,0,0
84,84,3 5 6 8 4 1 11 9 7 2 10,"(1,3);(1,4);(1,5);(4,8);(7,8);(10,11)",GlobalDistortion,1,1,1,1,0,0
85,85,1 6 2 3 7 11 5 8 10 9 4,"(4,8);(5,6);(9,10);(10,11)",GlobalDistortion,1,0,1,0,1,0
86,86,3 4 1 6 7 11 10 8 9 2 5,"(1,3);(1,4);(5,6);(9,10);(10,11)",GlobalDistortion,1,1,1,1,0,0
87,87,10 9 3 1 11 7 6 4 2 5 8,"(1,3);(5,6);(6,7);(8,9);(9,10)",GlobalDistortion,1,1,1,1,0,0
88,88,7 3 6 8 2 11 10 5 9 4 1,"(1,3);(1,4);(1,5);(4,8);(5,6);(6,7);(9,10);(10,11)",GlobalDistortion,1,1,1,1,0,0
89,89,10 3 7 11 6 8 1 2 9 5 4,"(1,3);(4,8);(5,6);(6,7);(9,10)",GlobalDistortion,1,1,1,1,0,0
90,90,5 3 8 6 11 1 10 7 9 4 2,"(1,3);(1,5);(4,8);(7,8);(9,10);(10,11)",GlobalDistortion,1,1,1,1,0,0
91,91,5 7 2 1 10 9 4 3 8 6 11,"(1,5);(6,7);(8,9);(9,10)",GlobalDistortion,1,1,1,1,0,0
92,92,7 9 8 3 11 10 5 1 6 2 4,"(1,3);(1,5);(3,8);(4,8);(6,7);(8,9);(10,11)",GlobalDistortion,1,1,1,1,0,0
93,93,4 1 8 7 5 3 10 11 9 6 2,"(1,4);(3,8);(6,7);(7,8);(9,10)",GlobalDistortion,1,1,1,1,0,0
94,94,7 4 1 9 5 3 6 10 11 8 2,"(1,4);(6,7);(8,9)",FrontEndMove,0,1,1,0,0,0
95,95,10 9 7 2 1 5 6 8 11 3 4,"(3,8);(4,8);(6,7);(8,9);(9,10)",GlobalDistortion,1,0,1,0,1,0
96,96,5 3 2 6 10 8 1 9 4 11 7,"(1,3);(1,5);(4,8);(7,8);(9,10)",GlobalDistortion,1,1,1,1,0,0
97,97,3 8 6 10 1 2 4 11 5 9 7,"(1,3);(4,8);(5,6);(7,8);(9,10)",GlobalDistortion,1,1,1,1,0,0
98,98,6 7 9 4 3 5 10 1 8 2 11,"(1,3);(1,4);(1,5);(5,6);(8,9)",GlobalDistortion,1,1,1,0,0,0
99,99,10 1 3 9 4 7 6 8 11 5 2,"(5,6);(6,7);(8,9);(9,10)",GlobalDistortion,1,0,1,0,1,0
100,100,2 4 3 1 8 7 9 5 6 11 10,"(1,3);(1,4);(6,7);(7,8);(10,11)",GlobalDistortion,1,1,1,1,0,0
101,101,4 5 2 1 3 10 9 7 6 8 11,"(1,4);(1,5);(6,7);(8,9);(9,10)",GlobalDistortion,1,1,1,1,0,0
102,102,6 1 5 2 3 9 10 4 7 11 8,"(5,6);(8,9)",BlockReorderExtreme,0,0,1,0,1,0
103,103,1 3 6 5 4 9 8 2 11 10 7,"(5,6);(7,8);(8,9);(10,11)",GlobalDistortion,1,0,1,0,1,0
104,104,3 4 1 9 7 2 5 8 10 11 6,"(1,3);(1,4);(6,7);(8,9)",GlobalDistortion,1,1,1,0,0,0
105,105,3 10 2 1 8 5 4 6 11 7 9,"(1,3);(4,8);(7,8);(9,10)",GlobalDistortion,1,1,1,1,0,0
106,106,1 4 5 3 8 6 7 10 2 11 9,"(7,8);(9,10)",BlockReorderExtreme,0,0,1,0,1,0
107,107,3 5 1 6 2 4 9 7 11 8 10,"(1,3);(1,5);(8,9);(10,11)",GlobalDistortion,1,1,1,1,0,0
108,108,1 2 5 3 4 7 9 11 6 8 10,"(6,7);(8,9);(10,11)",BlockReorderExtreme,0,0,1,0,1,0
109,109,2 6 1 9 3 4 8 5 11 7 10,"(5,6);(7,8);(8,9);(10,11)",GlobalDistortion,1,0,1,0,1,0
110,110,4 6 2 1 3 8 5 9 10 7 11,"(1,4);(5,6);(7,8)",FrontEndMove,0,1,1,0,0,0
111,111,3 2 1 4 8 10 9 6 5 11 7,"(1,3);(5,6);(7,8);(9,10)",GlobalDistortion,1,1,1,1,0,0
112,112,3 5 1 8 4 6 7 10 9 2 11,"(1,3);(1,5);(4,8);(7,8);(9,10)",GlobalDistortion,1,1,1,1,0,0
113,113,1 3 5 4 10 2 9 8 6 11 7,"(7,8);(8,9);(9,10)",BlockReorderExtreme,0,0,1,0,1,0
114,114,1 6 2 4 9 3 7 10 8 5 11,"(5,6);(8,9)",BlockReorderExtreme,0,0,1,0,1,0
115,115,1 3 6 7 2 10 8 4 11 9 5,"(4,8);(5,6);(9,10)",BlockReorderExtreme,0,0,1,0,1,0
116,116,1 5 4 10 8 2 3 6 7 9 11,"(3,8);(7,8);(9,10)",BlockReorderExtreme,0,0,1,0,1,0
117,117,3 1 4 6 2 10 8 7 11 9 5,"(1,3);(5,6);(7,8);(9,10)",GlobalDistortion,1,1,1,1,0,0
118,118,3 4 5 1 2 10 8 6 11 9 7,"(1,3);(1,4);(1,5);(7,8);(9,10)",GlobalDistortion,1,1,1,1,0,0
119,119,2 6 5 1 4 3 7 8 11 10 9,"(1,5);(5,6);(9,10);(10,11)",GlobalDistortion,1,1,1,1,0,0
120,120,4 2 1 3 5 7 8 11 10 9 6,"(1,4);(6,7);(9,10);(10,11)",GlobalDistortion,1,1,1,1,0,0
121,121,5 3 1 4 2 8 6 7 9 10 11,"(1,3);(1,5);(7,8)",FrontEndMove,0,1,1,0,0,0
122,122,2 1 6 3 5 10 7 4 11 9 8,"(5,6);(8,9);(9,10)",BlockReorderExtreme,0,0,1,0,1,0
123,123,4 1 3 10 2 5 7 8 6 11 9,"(1,4);(6,7);(9,10)",FrontEndMove,0,1,1,1,0,0
124,124,6 3 1 4 2 9 5 7 10 11 8,"(1,3);(5,6);(8,9)",FrontEndMove,0,1,1,0,0,0
125,125,1 3 2 7 5 8 9 4 11 10 6,"(4,8);(6,7);(10,11)",BlockReorderExtreme,0,0,1,0,1,0
126,126,1 2 10 3 8 6 5 7 4 9 11,"(4,8);(5,6);(7,8);(9,10)",GlobalDistortion,1,0,1,0,1,0
127,127,1 2 3 9 5 7 8 11 6 4 10,"(4,8);(6,7);(8,9);(10,11)",GlobalDistortion,1,0,1,0,1,0
128,128,3 2 1 4 6 5 9 10 8 7 11,"(1,3);(5,6);(7,8);(8,9)",GlobalDistortion,1,1,1,0,0,0
129,129,1 3 10 9 5 2 7 6 4 8 11,"(6,7);(8,9);(9,10)",BlockReorderExtreme,0,0,1,0,1,0
130,130,3 1 9 5 4 6 2 10 8 7 11,"(1,3);(7,8);(8,9)",FrontEndMove,0,1,1,0,0,0
131,131,6 1 3 5 4 7 10 9 8 2 11,"(5,6);(8,9);(9,10)",BlockReorderExtreme,0,0,1,0,1,0
132,132,2 10 1 3 6 7 5 8 4 9 11,"(4,8);(5,6);(9,10)",BlockReorderExtreme,0,0,1,0,1,0
133,133,1 9 3 7 2 4 8 5 6 10 11,"(6,7);(8,9)",BlockReorderExtreme,0,0,1,0,1,0
134,134,1 5 2 3 6 10 4 8 9 7 11,"(7,8);(9,10)",BlockReorderExtreme,0,0,1,0,1,0
135,135,1 5 2 6 4 8 3 11 10 7 9,"(3,8);(7,8);(9,10);(10,11)",GlobalDistortion,1,0,1,0,1,0
136,136,3 5 1 4 10 7 9 2 8 11 6,"(1,3);(1,5);(6,7);(8,9);(9,10)",GlobalDistortion,1,1,1,1,0,0
137,137,1 4 3 5 9 8 6 7 2 10 11,"(7,8);(8,9)",BlockReorderExtreme,0,0,1,0,1,0
138,138,4 6 1 3 9 7 2 5 8 11 10,"(1,4);(5,6);(8,9);(10,11)",GlobalDistortion,1,1,1,1,0,0
139,139,2 1 3 9 7 5 6 11 8 10 4,"(4,8);(6,7);(8,9);(10,11)",GlobalDistortion,1,0,1,0,1,0
140,140,3 4 1 6 10 5 8 2 9 11 7,"(1,3);(1,4);(5,6);(7,8);(9,10)",GlobalDistortion,1,1,1,1,0,0
141,141,3 1 5 7 9 6 4 11 2 10 8,"(1,3);(6,7);(8,9);(10,11)",GlobalDistortion,1,1,1,1,0,0
142,142,4 1 3 9 8 5 2 6 11 7 10,"(1,4);(7,8);(8,9);(10,11)",GlobalDistortion,1,1,1,1,0,0
143,143,3 1 2 5 4 10 8 6 11 9 7,"(1,3);(7,8);(9,10)",FrontEndMove,0,1,1,1,0,0
144,144,1 3 6 2 7 10 9 8 5 4 11,"(4,8);(5,6);(8,9);(9,10)",GlobalDistortion,1,0,1,0,1,0
145,145,4 8 3 1 5 9 2 7 6 10 11,"(1,3);(1,4);(3,8);(6,7);(7,8)",GlobalDistortion,1,1,1,0,0,0
146,146,3 1 5 8 4 7 10 6 9 2 11,"(1,3);(4,8);(6,7);(7,8);(9,10)",GlobalDistortion,1,1,1,1,0,0
147,147,3 1 7 4 5 9 8 11 10 2 6,"(1,3);(6,7);(8,9);(10,11)",GlobalDistortion,1,1,1,1,0,0
148,148,2 3 1 6 4 7 8 10 9 5 11,"(1,3);(5,6);(9,10)",FrontEndMove,0,1,1,1,0,0
149,149,6 1 3 2 5 9 10 7 11 8 4,"(4,8);(5,6);(8,9)",BlockReorderExtreme,0,0,1,0,1,0
150,150,1 5 8 3 2 6 4 10 9 11 7,"(3,8);(4,8);(7,8);(9,10)",GlobalDistortion,1,0,1,0,1,0
151,151,3 2 1 8 9 5 4 11 7 10 6,"(1,3);(4,8);(6,7);(7,8);(10,11)",GlobalDistortion,1,1,1,1,0,0
152,152,3 1 4 7 9 10 2 6 8 11 5,"(1,3);(5,6);(6,7);(8,9)",GlobalDistortion,1,1,1,0,0,0
153,153,4 1 5 3 6 2 7 10 8 9 11,"(1,4);(9,10)",FrontEndMove,0,1,0,1,0,0
154,154,2 1 3 10 5 9 6 4 11 7 8,"(8,9);(9,10)",BlockReorderExtreme,0,0,1,0,1,0
155,155,1 3 8 4 10 5 2 9 6 11 7,"(4,8);(7,8);(9,10)",BlockReorderExtreme,0,0,1,0,1,0
156,156,2 1 5 6 3 10 4 8 7 11 9,"(7,8);(9,10)",BlockReorderExtreme,0,0,1,0,1,0
157,157,1 8 5 2 3 6 10 4 7 11 9,"(3,8);(4,8);(7,8);(9,10)",GlobalDistortion,1,0,1,0,1,0
158,158,3 6 4 1 2 7 5 10 11 9 8,"(1,3);(1,4);(5,6);(8,9);(9,10)",GlobalDistortion,1,1,1,1,0,0
159,159,2 8 1 3 4 6 7 11 5 9 10,"(3,8);(4,8);(5,6);(7,8);(10,11)",GlobalDistortion,1,0,1,0,1,0
160,160,2 5 1 6 8 3 9 7 4 10 11,"(1,5);(3,8);(4,8);(7,8)",GlobalDistortion,1,1,1,0,0,0
161,161,3 1 10 4 5 7 6 2 11 9 8,"(1,3);(6,7);(8,9);(9,10)",GlobalDistortion,1,1,1,1,0,0
162,162,3 1 5 2 9 8 4 6 7 11 10,"(1,3);(4,8);(7,8);(8,9);(10,11)",GlobalDistortion,1,1,1,1,0,0
163,163,3 7 1 5 4 6 8 2 11 10 9,"(1,3);(6,7);(9,10);(10,11)",GlobalDistortion,1,1,1,1,0,0
164,164,3 1 5 9 7 6 2 4 10 8 11,"(1,3);(6,7);(8,9)",FrontEndMove,0,1,1,0,0,0
165,165,6 3 1 7 5 2 4 9 11 8 10,"(1,3);(5,6);(8,9);(10,11)",GlobalDistortion,1,1,1,1,0,0
166,166,5 2 1 8 3 9 4 10 7 6 11,"(1,5);(3,8);(4,8);(6,7);(7,8)",GlobalDistortion,1,1,1,0,0,0
167,167,5 2 9 1 3 10 7 6 4 8 11,"(1,5);(6,7);(8,9)",FrontEndMove,0,1,1,0,0,0
168,168,1 2 6 5 4 3 10 7 8 11 9,"(5,6);(9,10)",BlockReorderExtreme,0,0,1,0,1,0
169,169,3 1 8 2 6 5 10 4 7 11 9,"(1,3);(4,8);(5,6);(7,8);(9,10)",GlobalDistortion,1,1,1,1,0,0
170,170,3 1 6 9 5 2 4 11 7 8 10,"(1,3);(5,6);(8,9);(10,11)",GlobalDistortion,1,1,1,1,0,0
171,171,1 2 3 9 5 7 4 11 6 8 10,"(6,7);(8,9);(10,11)",BlockReorderExtreme,0,0,1,0,1,0
172,172,6 5 1 3 2 8 4 7 11 9 10,"(1,5);(4,8);(5,6);(7,8);(10,11)",GlobalDistortion,1,1,1,1,0,0
173,173,3 5 1 4 10 7 2 11 6 8 9,"(1,3);(1,5);(6,7);(9,10)",GlobalDistortion,1,1,1,1,0,0
174,174,1 3 7 9 2 4 6 10 8 11 5,"(5,6);(6,7);(8,9)",BlockReorderExtreme,0,0,1,0,1,0
175,175,3 10 1 5 2 4 9 6 11 8 7,"(1,3);(7,8);(8,9);(9,10)",GlobalDistortion,1,1,1,1,0,0
176,176,3 1 6 2 7 9 4 10 8 5 11,"(1,3);(5,6);(8,9)",FrontEndMove,0,1,1,0,0,0
177,177,3 1 6 5 10 9 2 7 4 8 11,"(1,3);(5,6);(8,9);(9,10)",GlobalDistortion,1,1,1,1,0,0
178,178,6 4 1 5 3 8 2 7 10 9 11,"(1,4);(5,6);(7,8);(9,10)",GlobalDistortion,1,1,1,1,0,0
179,179,2 1 3 6 9 4 7 10 8 11 5,"(5,6);(8,9)",BlockReorderExtreme,0,0,1,0,1,0
180,180,1 2 4 3 9 5 7 6 8 10 11,"(6,7);(8,9)",BlockReorderExtreme,0,0,1,0,1,0
181,181,1 3 2 10 5 9 8 6 11 4 7,"(4,8);(7,8);(8,9);(9,10)",GlobalDistortion,1,0,1,0,1,0
182,182,3 10 1 5 4 6 2 9 8 7 11,"(1,3);(7,8);(8,9);(9,10)",GlobalDistortion,1,1,1,1,0,0
183,183,1 6 2 10 3 8 4 11 9 5 7,"(4,8);(5,6);(7,8);(9,10)",GlobalDistortion,1,0,1,0,1,0
184,184,3 1 8 2 5 4 9 7 10 6 11,"(1,3);(4,8);(6,7);(7,8)",GlobalDistortion,1,1,1,0,0,0
185,185,3 1 5 7 6 2 8 10 4 9 11,"(1,3);(4,8);(6,7);(9,10)",GlobalDistortion,1,1,1,1,0,0
186,186,3 1 5 9 2 4 8 10 7 11 6,"(1,3);(6,7);(7,8);(8,9)",GlobalDistortion,1,1,1,0,0,0
187,187,1 10 2 3 4 6 9 8 5 7 11,"(5,6);(7,8);(8,9);(9,10)",GlobalDistortion,1,0,1,0,1,0
188,188,4 2 1 9 3 8 5 7 6 11 10,"(1,4);(6,7);(7,8);(8,9);(10,11)",GlobalDistortion,1,1,1,1,0,0
189,189,2 1 9 5 3 7 4 8 6 11 10,"(6,7);(8,9);(10,11)",BlockReorderExtreme,0,0,1,0,1,0
190,190,5 8 3 1 4 6 2 7 10 11 9,"(1,3);(1,5);(3,8);(4,8);(7,8);(9,10)",GlobalDistortion,1,1,1,1,0,0
191,191,1 3 8 10 4 2 9 6 5 11 7,"(4,8);(5,6);(7,8);(9,10)",GlobalDistortion,1,0,1,0,1,0
192,192,3 2 7 1 10 5 4 6 8 9 11,"(1,3);(6,7);(9,10)",FrontEndMove,0,1,1,1,0,0
193,193,2 6 3 1 9 7 10 5 4 8 11,"(1,3);(5,6);(8,9)",FrontEndMove,0,1,1,0,0,0
194,194,1 2 3 6 7 5 4 9 11 8 10,"(5,6);(8,9);(10,11)",BlockReorderExtreme,0,0,1,0,1,0
195,195,5 6 2 1 4 3 9 10 8 7 11,"(1,5);(7,8);(8,9)",FrontEndMove,0,1,1,0,0,0
196,196,1 5 3 2 4 9 10 7 6 8 11,"(6,7);(8,9)",BlockReorderExtreme,0,0,1,0,1,0
197,197,3 1 4 6 2 9 8 5 7 11 10,"(1,3);(5,6);(7,8);(8,9);(10,11)",GlobalDistortion,1,1,1,1,0,0
198,198,2 3 1 6 10 4 9 5 8 11 7,"(1,3);(5,6);(7,8);(8,9);(9,10)",GlobalDistortion,1,1,1,1,0,0
199,199,4 1 3 5 10 9 7 6 2 8 11,"(1,4);(6,7);(8,9);(9,10)",GlobalDistortion,1,1,1,1,0,0
200,200,1 3 8 10 11 2 5 6 4 7 9,"(4,8);(7,8);(9,10)",BlockReorderExtreme,0,0,1,0,1,0
201,201,4 5 3 9 6 7 1 10 11 2 8,"(1,3);(1,4);(1,5);(8,9)",GlobalDistortion,1,1,1,0,0,0
202,202,4 8 1 7 11 3 2 9 10 5 6,"(1,4);(3,8);(6,7);(7,8);(10,11)",GlobalDistortion,1,1,1,1,0,0
203,203,6 1 2 3 5 4 9 7 10 11 8,"(5,6);(8,9)",BlockReorderExtreme,0,0,1,0,1,0
204,204,3 5 4 7 10 6 8 9 1 2 11,"(1,3);(1,4);(1,5);(6,7);(9,10)",GlobalDistortion,1,1,1,1,0,0
205,205,4 5 3 6 9 2 11 1 7 8 10,"(1,3);(1,4);(1,5);(8,9);(10,11)",GlobalDistortion,1,1,1,1,0,0
206,206,3 6 4 5 2 9 8 10 11 7 1,"(1,3);(1,4);(1,5);(5,6);(7,8);(8,9)",GlobalDistortion,1,1,1,0,0,0
207,207,3 4 5 8 9 11 7 1 10 2 6,"(1,3);(1,4);(1,5);(6,7);(7,8);(10,11)",GlobalDistortion,1,1,1,1,0,0
208,208,3 2 8 1 7 6 9 10 11 4 5,"(1,3);(4,8);(5,6);(6,7);(7,8)",GlobalDistortion,1,1,1,0,0,0
209,209,4 5 8 6 1 3 11 9 2 7 10,"(1,4);(1,5);(3,8);(7,8);(10,11)",GlobalDistortion,1,1,1,1,0,0
210,210,4 9 3 1 2 6 11 5 7 8 10,"(1,3);(1,4);(5,6);(8,9);(10,11)",GlobalDistortion,1,1,1,1,0,0
211,211,4 3 8 7 1 2 11 10 5 6 9,"(1,3);(1,4);(6,7);(7,8);(9,10);(10,11)",GlobalDistortion,1,1,1,1,0,0
212,212,3 1 11 9 6 7 2 4 5 8 10,"(1,3);(5,6);(8,9);(10,11)",GlobalDistortion,1,1,1,1,0,0
213,213,2 3 7 6 5 8 4 9 10 11 1,"(1,3);(1,4);(1,5);(4,8);(5,6);(6,7)",GlobalDistortion,1,1,1,0,0,0
214,214,3 9 7 8 1 2 10 6 4 11 5,"(1,3);(4,8);(5,6);(6,7);(8,9)",GlobalDistortion,1,1,1,0,0,0
215,215,3 2 10 4 9 7 8 5 11 1 6,"(1,3);(1,4);(1,5);(6,7);(8,9);(9,10)",GlobalDistortion,1,1,1,1,0,0
216,216,3 1 9 6 7 2 8 10 11 4 5,"(1,3);(4,8);(5,6);(8,9)",GlobalDistortion,1,1,1,0,0,0
217,217,7 5 6 2 3 8 9 10 1 11 4,"(1,3);(1,5);(4,8);(6,7)",GlobalDistortion,1,1,1,0,0,0
218,218,3 4 8 11 7 2 1 5 10 9 6,"(1,3);(1,4);(6,7);(7,8);(9,10);(10,11)",GlobalDistortion,1,1,1,1,0,0
219,219,6 5 2 11 3 4 8 10 7 1 9,"(1,3);(1,4);(1,5);(5,6);(7,8);(9,10);(10,11)",GlobalDistortion,1,1,1,1,0,0
220,220,3 2 5 6 7 4 11 1 9 8 10,"(1,3);(1,4);(1,5);(8,9);(10,11)",GlobalDistortion,1,1,1,1,0,0
221,221,2 5 6 1 10 4 8 3 11 7 9,"(1,5);(3,8);(7,8);(9,10)",GlobalDistortion,1,1,1,1,0,0
222,222,3 1 5 11 4 10 7 6 2 8 9,"(1,3);(6,7);(9,10);(10,11)",GlobalDistortion,1,1,1,1,0,0
223,223,4 3 6 1 7 8 10 11 5 2 9,"(1,3);(1,4);(5,6);(9,10)",GlobalDistortion,1,1,1,1,0,0
224,224,5 1 3 2 10 4 11 6 7 8 9,"(1,5);(9,10)",FrontEndMove,0,1,0,1,0,0
225,225,2 3 11 6 9 8 4 10 7 5 1,"(1,3);(1,4);(1,5);(4,8);(5,6);(7,8);(8,9);(10,11)",GlobalDistortion,1,1,1,1,0,0
226,226,4 3 2 10 11 7 1 6 8 9 5,"(1,3);(1,4);(5,6);(6,7);(9,10)",GlobalDistortion,1,1,1,1,0,0
227,227,5 3 6 7 8 1 4 10 11 2 9,"(1,3);(1,5);(4,8);(9,10)",GlobalDistortion,1,1,1,1,0,0
228,228,3 4 6 8 11 2 5 10 9 1 7,"(1,3);(1,4);(1,5);(5,6);(7,8);(9,10);(10,11)",GlobalDistortion,1,1,1,1,0,0
229,229,3 7 1 2 5 8 9 10 11 6 4,"(1,3);(4,8);(6,7)",FrontEndMove,0,1,1,0,0,0
230,230,4 5 3 8 2 1 11 10 9 6 7,"(1,3);(1,4);(1,5);(7,8);(9,10);(10,11)",GlobalDistortion,1,1,1,1,0,0
231,231,3 4 5 11 2 8 1 6 7 9 10,"(1,3);(1,4);(1,5);(7,8);(10,11)",GlobalDistortion,1,1,1,1,0,0
232,232,1 9 6 2 10 7 4 5 8 3 11,"(3,8);(5,6);(8,9)",BlockReorderExtreme,0,0,1,0,1,0
233,233,4 5 8 7 3 9 1 10 6 11 2,"(1,3);(1,4);(1,5);(3,8);(6,7);(7,8)",GlobalDistortion,1,1,1,0,0,0
234,234,4 3 6 1 7 8 10 5 9 11 2,"(1,3);(1,4);(5,6);(9,10)",GlobalDistortion,1,1,1,1,0,0
235,235,2 3 9 6 1 8 10 11 5 7 4,"(1,3);(4,8);(5,6);(7,8);(8,9)",GlobalDistortion,1,1,1,0,0,0
236,236,3 10 1 4 5 11 6 7 8 9 2,"(1,3);(9,10)",FrontEndMove,0,1,0,1,0,0
237,237,3 2 5 6 7 9 1 10 11 4 8,"(1,3);(1,5);(8,9)",FrontEndMove,0,1,1,0,0,0
238,238,3 5 8 4 6 1 2 11 7 9 10,"(1,3);(1,4);(1,5);(4,8);(7,8);(10,11)",GlobalDistortion,1,1,1,1,0,0
239,239,8 1 4 5 6 9 3 2 10 7 11,"(3,8);(4,8);(7,8)",BlockReorderExtreme,0,0,1,0,1,0
240,240,1 2 3 4 10 5 11 9 8 6 7,"(7,8);(8,9);(9,10)",BlockReorderExtreme,0,0,1,0,1,0
241,241,10 3 4 5 7 8 2 6 9 1 11,"(1,3);(1,4);(1,5);(6,7);(9,10)",GlobalDistortion,1,1,1,1,0,0
242,242,3 5 6 1 2 10 11 8 7 4 9,"(1,3);(1,5);(4,8);(7,8);(9,10)",GlobalDistortion,1,1,1,1,0,0
243,243,2 3 5 7 1 9 8 6 10 4 11,"(1,3);(1,5);(4,8);(6,7);(8,9)",GlobalDistortion,1,1,1,0,0,0
244,244,4 5 6 7 8 2 3 11 1 10 9,"(1,3);(1,4);(1,5);(3,8);(9,10);(10,11)",GlobalDistortion,1,1,1,1,0,0
245,245,4 1 5 6 7 8 11 9 10 3 2,"(1,4);(3,8);(10,11)",FrontEndMove,0,1,1,1,0,0
246,246,7 8 3 1 6 9 10 2 4 5 11,"(1,3);(3,8);(4,8);(5,6);(6,7)",GlobalDistortion,1,1,1,0,0,0
247,247,7 3 4 5 8 9 6 2 1 10 11,"(1,3);(1,4);(1,5);(6,7)",GlobalDistortion,1,1,1,0,0,0
248,248,6 2 3 8 10 11 9 1 4 5 7,"(1,3);(4,8);(5,6);(7,8);(9,10)",GlobalDistortion,1,1,1,1,0,0
249,249,4 8 3 9 5 6 7 10 11 1 2,"(1,3);(1,4);(1,5);(3,8);(7,8)",GlobalDistortion,1,1,1,0,0,0
250,250,7 4 2 3 11 1 8 9 5 6 10,"(1,3);(1,4);(6,7);(10,11)",GlobalDistortion,1,1,1,1,0,0
251,251,10 1 2 3 5 11 7 6 4 9 8,"(6,7);(8,9);(9,10)",BlockReorderExtreme,0,0,1,0,1,0
252,252,10 6 2 5 3 4 11 1 7 8 9,"(1,3);(1,4);(1,5);(5,6);(9,10)",GlobalDistortion,1,1,1,1,0,0
253,253,1 4 7 8 5 6 11 3 9 2 10,"(3,8);(6,7);(10,11)",BlockReorderExtreme,0,0,1,0,1,0
254,254,3 5 6 1 2 7 9 10 8 11 4,"(1,3);(1,5);(4,8);(8,9)",GlobalDistortion,1,1,1,0,0,0
255,255,3 5 8 2 7 10 11 6 9 4 1,"(1,3);(1,4);(1,5);(4,8);(6,7);(7,8);(9,10)",GlobalDistortion,1,1,1,1,0,0
256,256,7 8 2 3 5 11 1 4 6 10 9,"(1,3);(1,5);(3,8);(4,8);(6,7);(9,10);(10,11)",GlobalDistortion,1,1,1,1,0,0
257,257,1 3 4 9 5 10 11 6 7 8 2,"(8,9)",BlockReorderExtreme,0,0,1,0,1,0
258,258,2 3 11 4 1 10 9 6 5 7 8,"(1,3);(1,4);(5,6);(8,9);(9,10);(10,11)",GlobalDistortion,1,1,1,1,0,0
259,259,6 3 1 2 4 10 8 9 11 5 7,"(1,3);(5,6);(7,8);(9,10)",GlobalDistortion,1,1,1,1,0,0
260,260,3 6 4 11 5 2 10 7 1 8 9,"(1,3);(1,4);(1,5);(5,6);(9,10);(10,11)",GlobalDistortion,1,1,1,1,0,0
261,261,7 3 4 2 8 9 10 11 1 5 6,"(1,3);(1,4);(6,7)",FrontEndMove,0,1,1,0,0,0
262,262,7 3 1 8 4 5 6 10 2 11 9,"(1,3);(4,8);(6,7);(9,10)",GlobalDistortion,1,1,1,1,0,0
263,263,10 3 1 2 5 9 4 8 6 11 7,"(1,3);(7,8);(8,9);(9,10)",GlobalDistortion,1,1,1,1,0,0
264,264,2 3 11 8 1 5 10 4 9 7 6,"(1,3);(4,8);(6,7);(7,8);(9,10);(10,11)",GlobalDistortion,1,1,1,1,0,0
265,265,3 4 6 2 8 5 11 1 7 10 9,"(1,3);(1,4);(1,5);(5,6);(7,8);(9,10);(10,11)",GlobalDistortion,1,1,1,1,0,0
266,266,3 9 1 6 2 5 10 11 4 7 8,"(1,3);(5,6);(8,9)",FrontEndMove,0,1,1,0,0,0
267,267,2 4 7 8 9 1 11 5 3 6 10,"(1,4);(3,8);(6,7);(10,11)",GlobalDistortion,1,1,1,1,0,0
268,268,1 4 5 10 11 2 9 6 3 7 8,"(8,9);(9,10)",BlockReorderExtreme,0,0,1,0,1,0
269,269,3 4 7 1 2 8 11 9 6 5 10,"(1,3);(1,4);(5,6);(6,7);(10,11)",GlobalDistortion,1,1,1,1,0,0
270,270,3 7 11 1 8 4 5 6 2 10 9,"(1,3);(4,8);(6,7);(9,10);(10,11)",GlobalDistortion,1,1,1,1,0,0
271,271,3 1 10 5 6 7 2 9 4 11 8,"(1,3);(8,9);(9,10)",FrontEndMove,0,1,1,1,0,0
272,272,1 8 2 3 10 5 9 7 11 4 6,"(3,8);(4,8);(6,7);(7,8);(9,10)",GlobalDistortion,1,0,1,0,1,0
273,273,2 10 11 1 3 4 6 7 5 9 8,"(5,6);(8,9);(9,10)",BlockReorderExtreme,0,0,1,0,1,0
274,274,1 3 5 10 2 9 6 7 11 4 8,"(8,9);(9,10)",BlockReorderExtreme,0,0,1,0,1,0
275,275,10 11 3 1 5 4 6 2 7 8 9,"(1,3);(9,10)",FrontEndMove,0,1,0,1,0,0
276,276,2 3 8 9 5 11 4 7 6 10 1,"(1,3);(1,4);(1,5);(4,8);(6,7);(7,8);(10,11)",GlobalDistortion,1,1,1,1,0,0
277,277,1 11 3 7 6 4 5 2 10 8 9,"(5,6);(6,7);(9,10);(10,11)",GlobalDistortion,1,0,1,0,1,0
278,278,11 5 1 2 3 9 4 6 8 7 10,"(1,5);(7,8);(8,9);(10,11)",GlobalDistortion,1,1,1,1,0,0
279,279,3 10 1 2 7 8 9 5 4 6 11,"(1,3);(4,8);(6,7);(9,10)",GlobalDistortion,1,1,1,1,0,0
280,280,9 6 3 1 2 4 7 8 10 5 11,"(1,3);(5,6);(8,9)",FrontEndMove,0,1,1,0,0,0
281,281,3 8 6 5 9 4 7 1 2 10 11,"(1,3);(1,4);(1,5);(4,8);(5,6);(7,8)",GlobalDistortion,1,1,1,0,0,0
282,282,3 8 10 2 11 1 6 7 4 5 9,"(1,3);(4,8);(5,6);(7,8);(9,10)",GlobalDistortion,1,1,1,1,0,0
283,283,9 4 5 3 8 2 6 7 1 10 11,"(1,3);(1,4);(1,5);(7,8);(8,9)",GlobalDistortion,1,1,1,0,0,0
284,284,5 7 1 2 6 3 4 8 11 9 10,"(1,5);(6,7);(10,11)",FrontEndMove,0,1,1,1,0,0
285,285,3 5 1 10 11 9 2 6 4 7 8,"(1,3);(1,5);(8,9);(9,10)",GlobalDistortion,1,1,1,1,0,0
286,286,11 3 1 10 4 2 7 6 8 9 5,"(1,3);(5,6);(6,7);(9,10);(10,11)",GlobalDistortion,1,1,1,1,0,0
287,287,10 3 4 1 5 8 7 11 6 9 2,"(1,3);(1,4);(6,7);(7,8);(9,10)",GlobalDistortion,1,1,1,1,0,0
288,288,3 7 1 2 6 4 5 9 11 8 10,"(1,3);(5,6);(6,7);(8,9);(10,11)",GlobalDistortion,1,1,1,1,0,0
289,289,3 1 8 4 2 9 10 11 5 6 7,"(1,3);(4,8);(7,8)",FrontEndMove,0,1,1,0,0,0
290,290,9 10 3 4 2 1 5 8 11 6 7,"(1,3);(1,4);(7,8);(8,9)",GlobalDistortion,1,1,1,0,0,0
291,291,8 1 11 3 9 5 2 4 6 7 10,"(3,8);(4,8);(7,8);(10,11)",GlobalDistortion,1,0,1,0,1,0
292,292,5 6 2 3 4 10 1 11 9 7 8,"(1,3);(1,4);(1,5);(8,9);(9,10)",GlobalDistortion,1,1,1,1,0,0
293,293,3 10 5 6 8 11 1 4 7 9 2,"(1,3);(1,5);(4,8);(7,8);(9,10)",GlobalDistortion,1,1,1,1,0,0
294,294,3 4 10 1 2 8 5 9 11 7 6,"(1,3);(1,4);(6,7);(7,8);(9,10)",GlobalDistortion,1,1,1,1,0,0
295,295,1 2 3 11 5 10 4 9 6 7 8,"(8,9);(9,10);(10,11)",BlockReorderExtreme,0,0,1,0,1,0
296,296,5 2 4 10 3 11 1 8 9 6 7,"(1,3);(1,4);(1,5);(7,8);(9,10)",GlobalDistortion,1,1,1,1,0,0
297,297,2 3 10 7 6 1 11 9 8 4 5,"(1,3);(4,8);(5,6);(6,7);(8,9);(9,10)",GlobalDistortion,1,1,1,1,0,0
298,298,1 5 9 2 4 7 8 3 11 10 6,"(3,8);(6,7);(8,9);(10,11)",GlobalDistortion,1,0,1,0,1,0
299,299,1 4 5 7 2 10 9 6 8 11 3,"(3,8);(6,7);(8,9);(9,10)",GlobalDistortion,1,0,1,0,1,0
300,300,10 3 5 11 7 1 6 8 4 9 2,"(1,3);(1,5);(4,8);(6,7);(9,10)",GlobalDistortion,1,1,1,1,0,0
301,301,3 8 10 1 7 11 9 6 2 5 4,"(1,3);(4,8);(5,6);(6,7);(7,8);(9,10)",GlobalDistortion,1,1,1,1,0,0
302,302,6 10 5 8 7 1 4 9 11 3 2,"(1,5);(3,8);(4,8);(5,6);(7,8);(9,10)",GlobalDistortion,1,1,1,1,0,0
303,303,7 10 11 8 3 9 2 5 4 6 1,"(1,3);(1,4);(1,5);(3,8);(4,8);(6,7);(9,10)",GlobalDistortion,1,1,1,1,0,0
304,304,5 11 3 6 8 10 7 4 1 9 2,"(1,3);(1,4);(1,5);(4,8);(7,8);(9,10);(10,11)",GlobalDistortion,1,1,1,1,0,0
305,305,9 10 3 4 7 11 2 6 5 8 1,"(1,3);(1,4);(1,5);(5,6);(6,7);(8,9)",GlobalDistortion,1,1,1,0,0,0
306,306,7 9 8 11 1 3 6 10 5 2 4,"(3,8);(4,8);(5,6);(6,7);(8,9);(10,11)",GlobalDistortion,1,0,1,0,1,0
307,307,4 11 8 3 6 7 5 9 2 10 1,"(1,3);(1,4);(1,5);(3,8);(5,6);(7,8);(10,11)",GlobalDistortion,1,1,1,1,0,0
308,308,11 10 5 3 1 7 9 8 4 2 6,"(1,3);(1,5);(4,8);(6,7);(8,9);(9,10);(10,11)",GlobalDistortion,1,1,1,1,0,0
309,309,8 7 10 2 5 11 4 1 9 6 3,"(1,4);(1,5);(3,8);(4,8);(6,7);(7,8);(9,10)",GlobalDistortion,1,1,1,1,0,0
310,310,4 7 2 11 10 9 8 6 5 3 1,"(1,3);(1,4);(1,5);(3,8);(5,6);(6,7);(8,9);(9,10);(10,11)",GlobalDistortion,1,1,1,1,0,0
311,311,7 10 8 2 11 5 4 9 3 1 6,"(1,3);(1,4);(1,5);(3,8);(4,8);(6,7);(9,10)",GlobalDistortion,1,1,1,1,0,0
312,312,9 3 10 7 4 11 5 8 2 6 1,"(1,3);(1,4);(1,5);(6,7);(8,9)",GlobalDistortion,1,1,1,0,0,0
313,313,11 10 9 1 3 5 6 2 8 7 4,"(4,8);(7,8);(8,9);(9,10);(10,11)",GlobalDistortion,1,0,1,0,1,0
314,314,8 6 10 7 9 11 1 3 5 2 4,"(3,8);(4,8);(5,6);(7,8);(9,10)",GlobalDistortion,1,0,1,0,1,0
315,315,9 5 6 1 11 7 10 4 3 8 2,"(1,5);(8,9);(10,11)",FrontEndMove,0,1,1,1,0,0
316,316,11 8 3 10 6 2 7 5 1 9 4,"(1,3);(1,5);(3,8);(4,8);(5,6);(7,8);(9,10);(10,11)",GlobalDistortion,1,1,1,1,0,0
317,317,11 6 9 8 2 5 3 10 7 1 4,"(1,3);(1,5);(3,8);(4,8);(5,6);(7,8);(8,9);(10,11)",GlobalDistortion,1,1,1,1,0,0
318,318,9 6 11 7 3 8 10 2 5 4 1,"(1,3);(1,4);(1,5);(4,8);(5,6);(8,9);(10,11)",GlobalDistortion,1,1,1,1,0,0
319,319,10 8 5 7 3 9 1 2 11 6 4,"(1,3);(1,5);(3,8);(4,8);(6,7);(7,8);(9,10)",GlobalDistortion,1,1,1,1,0,0
320,320,10 5 8 11 6 9 1 3 7 4 2,"(1,5);(3,8);(4,8);(7,8);(9,10)",GlobalDistortion,1,1,1,1,0,0
321,321,3 9 10 6 11 2 4 8 5 7 1,"(1,3);(1,4);(1,5);(5,6);(7,8);(8,9)",GlobalDistortion,1,1,1,0,0,0
322,322,8 11 3 6 7 10 2 1 9 5 4,"(1,3);(3,8);(4,8);(5,6);(7,8);(9,10);(10,11)",GlobalDistortion,1,1,1,1,0,0
323,323,7 11 10 5 8 9 2 3 6 4 1,"(1,3);(1,4);(1,5);(3,8);(4,8);(6,7);(9,10);(10,11)",GlobalDistortion,1,1,1,1,0,0
324,324,8 6 11 7 10 5 3 2 4 9 1,"(1,3);(1,4);(1,5);(3,8);(4,8);(5,6);(7,8);(9,10);(10,11)",GlobalDistortion,1,1,1,1,0,0
325,325,11 9 7 1 10 5 6 3 2 4 8,"(6,7);(8,9);(10,11)",BlockReorderExtreme,0,0,1,0,1,0
326,326,5 11 10 3 6 9 8 1 7 2 4,"(1,3);(1,5);(4,8);(7,8);(8,9);(9,10);(10,11)",GlobalDistortion,1,1,1,1,0,0
327,327,11 7 4 10 6 3 5 8 9 2 1,"(1,3);(1,4);(1,5);(5,6);(6,7);(9,10);(10,11)",GlobalDistortion,1,1,1,1,0,0
328,328,7 3 2 11 10 8 9 4 5 1 6,"(1,3);(1,4);(1,5);(4,8);(6,7);(9,10);(10,11)",GlobalDistortion,1,1,1,1,0,0
329,329,6 11 4 5 9 3 2 10 8 7 1,"(1,3);(1,4);(1,5);(5,6);(7,8);(8,9);(10,11)",GlobalDistortion,1,1,1,1,0,0
330,330,7 11 4 3 9 2 8 6 5 10 1,"(1,3);(1,4);(1,5);(5,6);(6,7);(8,9);(10,11)",GlobalDistortion,1,1,1,1,0,0
331,331,9 8 11 1 5 3 4 10 2 7 6,"(3,8);(4,8);(6,7);(7,8);(8,9);(10,11)",GlobalDistortion,1,0,1,0,1,0
332,332,3 10 1 11 9 6 8 4 7 5 2,"(1,3);(4,8);(5,6);(7,8);(8,9);(9,10)",GlobalDistortion,1,1,1,1,0,0
333,333,9 11 6 4 2 8 3 5 10 7 1,"(1,3);(1,4);(1,5);(3,8);(5,6);(7,8);(8,9);(10,11)",GlobalDistortion,1,1,1,1,0,0
334,334,7 5 3 11 9 6 8 4 2 10 1,"(1,3);(1,4);(1,5);(4,8);(6,7);(8,9);(10,11)",GlobalDistortion,1,1,1,1,0,0
335,335,3 10 9 11 7 1 2 8 5 6 4,"(1,3);(4,8);(6,7);(8,9);(9,10)",GlobalDistortion,1,1,1,1,0,0
336,336,11 5 8 10 2 7 1 6 4 9 3,"(1,5);(3,8);(4,8);(6,7);(7,8);(9,10);(10,11)",GlobalDistortion,1,1,1,1,0,0
337,337,9 6 8 10 4 7 3 5 11 2 1,"(1,3);(1,4);(1,5);(3,8);(4,8);(5,6);(7,8);(8,9)",GlobalDistortion,1,1,1,0,0,0
338,338,3 11 9 7 6 10 8 1 5 4 2,"(1,3);(4,8);(5,6);(6,7);(8,9);(10,11)",GlobalDistortion,1,1,1,1,0,0
339,339,10 9 5 11 3 7 6 1 4 8 2,"(1,3);(1,5);(6,7);(8,9);(9,10)",GlobalDistortion,1,1,1,1,0,0
340,340,11 10 9 1 5 7 4 6 2 3 8,"(6,7);(8,9);(9,10);(10,11)",GlobalDistortion,1,0,1,0,1,0
341,341,7 10 8 1 3 11 5 9 4 6 2,"(3,8);(4,8);(6,7);(9,10)",GlobalDistortion,1,0,1,0,1,0
342,342,5 11 10 7 3 4 8 2 1 9 6,"(1,3);(1,4);(1,5);(6,7);(9,10);(10,11)",GlobalDistortion,1,1,1,1,0,0
343,343,10 9 11 1 2 8 4 7 3 5 6,"(3,8);(4,8);(6,7);(7,8);(8,9);(9,10)",GlobalDistortion,1,0,1,0,1,0
344,344,9 7 3 5 10 8 11 1 6 4 2,"(1,3);(1,5);(4,8);(6,7);(8,9)",GlobalDistortion,1,1,1,0,0,0
345,345,9 6 11 3 7 1 5 8 2 10 4,"(1,3);(4,8);(5,6);(8,9);(10,11)",GlobalDistortion,1,1,1,1,0,0
346,346,9 7 3 10 4 8 6 5 11 2 1,"(1,3);(1,4);(1,5);(5,6);(6,7);(8,9)",GlobalDistortion,1,1,1,0,0,0
347,347,8 11 7 3 10 5 1 2 9 6 4,"(1,3);(1,5);(3,8);(4,8);(6,7);(7,8);(9,10);(10,11)",GlobalDistortion,1,1,1,1,0,0
348,348,10 1 11 5 8 9 7 3 4 2 6,"(3,8);(4,8);(6,7);(7,8);(9,10)",GlobalDistortion,1,0,1,0,1,0
349,349,10 6 11 9 3 8 2 5 7 1 4,"(1,3);(1,5);(4,8);(5,6);(7,8);(8,9);(9,10)",GlobalDistortion,1,1,1,1,0,0
350,350,10 9 11 8 2 6 3 7 4 1 5,"(1,3);(1,4);(3,8);(4,8);(5,6);(7,8);(8,9);(9,10)",GlobalDistortion,1,1,1,1,0,0
351,351,3 8 10 6 7 9 2 5 4 11 1,"(1,3);(1,4);(1,5);(4,8);(5,6);(7,8);(9,10)",GlobalDistortion,1,1,1,1,0,0
352,352,11 9 5 3 8 10 7 1 6 4 2,"(1,3);(1,5);(4,8);(6,7);(7,8);(8,9);(10,11)",GlobalDistortion,1,1,1,1,0,0
353,353,9 6 11 3 10 7 5 1 4 2 8,"(1,3);(1,5);(5,6);(8,9);(10,11)",GlobalDistortion,1,1,1,1,0,0
354,354,11 7 9 5 3 8 2 6 1 4 10,"(1,3);(1,5);(4,8);(6,7);(8,9);(10,11)",GlobalDistortion,1,1,1,1,0,0
355,355,10 7 3 5 9 8 11 6 1 4 2,"(1,3);(1,5);(4,8);(6,7);(8,9);(9,10)",GlobalDistortion,1,1,1,1,0,0
356,356,4 1 6 11 10 9 3 8 7 5 2,"(1,4);(5,6);(7,8);(8,9);(9,10);(10,11)",GlobalDistortion,1,1,1,1,0,0
357,357,2 7 11 10 9 6 5 4 3 8 1,"(1,3);(1,4);(1,5);(5,6);(6,7);(8,9);(9,10);(10,11)",GlobalDistortion,1,1,1,1,0,0
358,358,10 5 3 11 4 6 9 7 8 2 1,"(1,3);(1,4);(1,5);(8,9);(9,10)",GlobalDistortion,1,1,1,1,0,0
359,359,9 7 11 10 8 3 2 1 5 6 4,"(1,3);(3,8);(4,8);(6,7);(8,9);(10,11)",GlobalDistortion,1,1,1,1,0,0
360,360,11 3 10 9 8 5 2 1 6 4 7,"(1,3);(1,5);(4,8);(7,8);(8,9);(9,10);(10,11)",GlobalDistortion,1,1,1,1,0,0
361,361,2 9 7 10 6 11 4 8 1 3 5,"(1,4);(3,8);(5,6);(6,7);(8,9)",GlobalDistortion,1,1,1,0,0,0
362,362,4 6 10 9 8 3 7 2 11 1 5,"(1,3);(1,4);(3,8);(5,6);(7,8);(8,9);(9,10)",GlobalDistortion,1,1,1,1,0,0
363,363,5 10 9 11 3 1 7 4 8 2 6,"(1,3);(1,5);(6,7);(8,9);(9,10)",GlobalDistortion,1,1,1,1,0,0
364,364,6 4 3 11 10 8 9 7 1 5 2,"(1,3);(1,4);(5,6);(7,8);(9,10);(10,11)",GlobalDistortion,1,1,1,1,0,0
365,365,2 10 7 11 5 9 4 3 6 8 1,"(1,3);(1,4);(1,5);(6,7);(8,9);(9,10)",GlobalDistortion,1,1,1,1,0,0
366,366,11 7 5 2 9 3 6 10 1 4 8,"(1,3);(1,5);(6,7);(8,9);(10,11)",GlobalDistortion,1,1,1,1,0,0
367,367,6 4 8 10 7 5 11 1 3 2 9,"(1,4);(1,5);(3,8);(5,6);(7,8);(9,10)",GlobalDistortion,1,1,1,1,0,0
368,368,7 10 2 8 11 6 9 4 3 5 1,"(1,3);(1,4);(1,5);(3,8);(4,8);(5,6);(6,7);(9,10)",GlobalDistortion,1,1,1,1,0,0
369,369,10 3 7 9 5 8 11 6 2 1 4,"(1,3);(1,5);(4,8);(6,7);(8,9);(9,10)",GlobalDistortion,1,1,1,1,0,0
370,370,4 9 10 3 1 11 6 8 7 5 2,"(1,3);(1,4);(5,6);(7,8);(8,9)",GlobalDistortion,1,1,1,0,0,0
371,371,11 8 10 6 4 3 5 1 2 9 7,"(1,3);(1,4);(1,5);(3,8);(4,8);(5,6);(7,8);(9,10);(10,11)",GlobalDistortion,1,1,1,1,0,0
372,372,9 1 11 7 10 3 5 8 6 4 2,"(4,8);(6,7);(8,9);(10,11)",GlobalDistortion,1,0,1,0,1,0
373,373,4 9 11 8 3 7 6 2 5 1 10,"(1,3);(1,4);(1,5);(3,8);(5,6);(6,7);(7,8);(8,9);(10,11)",GlobalDistortion,1,1,1,1,0,0
374,374,10 1 8 7 11 5 3 6 4 9 2,"(3,8);(4,8);(6,7);(7,8);(9,10)",GlobalDistortion,1,0,1,0,1,0
375,375,10 6 7 3 5 9 2 11 1 8 4,"(1,3);(1,5);(4,8);(5,6);(8,9);(9,10)",GlobalDistortion,1,1,1,1,0,0
376,376,2 11 10 5 9 6 4 8 3 7 1,"(1,3);(1,4);(1,5);(3,8);(7,8);(8,9);(9,10);(10,11)",GlobalDistortion,1,1,1,1,0,0
377,377,7 10 9 5 1 11 2 6 8 4 3,"(1,5);(3,8);(4,8);(6,7);(8,9);(9,10)",GlobalDistortion,1,1,1,1,0,0
378,378,8 9 5 11 3 6 4 1 2 10 7,"(1,3);(1,4);(1,5);(3,8);(4,8);(7,8);(10,11)",GlobalDistortion,1,1,1,1,0,0
379,379,10 8 3 5 9 7 6 2 1 11 4,"(1,3);(1,5);(3,8);(4,8);(6,7);(7,8);(9,10)",GlobalDistortion,1,1,1,1,0,0
380,380,3 10 9 2 6 11 8 4 1 7 5,"(1,3);(1,4);(4,8);(5,6);(7,8);(8,9);(9,10)",GlobalDistortion,1,1,1,1,0,0
381,381,7 9 5 2 6 11 10 4 3 1 8,"(1,3);(1,4);(1,5);(6,7);(8,9);(10,11)",GlobalDistortion,1,1,1,1,0,0
382,382,8 4 10 6 11 9 3 2 1 5 7,"(1,3);(1,4);(3,8);(4,8);(5,6);(7,8);(9,10)",GlobalDistortion,1,1,1,1,0,0
383,383,4 9 11 7 5 10 6 3 2 1 8,"(1,3);(1,4);(1,5);(6,7);(8,9);(10,11)",GlobalDistortion,1,1,1,1,0,0
384,384,7 8 11 5 9 1 3 4 10 2 6,"(1,5);(3,8);(4,8);(6,7);(10,11)",GlobalDistortion,1,1,1,1,0,0
385,385,11 7 4 8 2 10 3 9 1 5 6,"(1,3);(1,4);(3,8);(6,7);(9,10);(10,11)",GlobalDistortion,1,1,1,1,0,0
386,386,3 10 9 8 7 4 11 5 2 6 1,"(1,3);(1,4);(1,5);(4,8);(6,7);(7,8);(8,9);(9,10)",GlobalDistortion,1,1,1,1,0,0
387,387,7 9 1 11 8 4 2 10 6 3 5,"(3,8);(4,8);(5,6);(6,7);(8,9);(10,11)",GlobalDistortion,1,0,1,0,1,0
388,388,3 7 6 10 9 4 2 11 8 5 1,"(1,3);(1,4);(1,5);(5,6);(6,7);(8,9);(9,10)",GlobalDistortion,1,1,1,1,0,0
389,389,3 10 2 9 8 11 6 4 7 5 1,"(1,3);(1,4);(1,5);(4,8);(5,6);(7,8);(8,9);(9,10)",GlobalDistortion,1,1,1,1,0,0
390,390,7 5 11 10 4 9 8 3 1 6 2,"(1,3);(1,4);(1,5);(3,8);(6,7);(8,9);(9,10);(10,11)",GlobalDistortion,1,1,1,1,0,0
391,391,1 9 11 6 7 3 10 2 8 5 4,"(4,8);(5,6);(8,9);(10,11)",GlobalDistortion,1,0,1,0,1,0
392,392,7 9 1 3 11 6 5 8 10 4 2,"(4,8);(5,6);(6,7);(8,9);(10,11)",GlobalDistortion,1,0,1,0,1,0
393,393,10 4 8 1 11 7 6 3 2 9 5,"(1,4);(3,8);(5,6);(6,7);(7,8);(9,10)",GlobalDistortion,1,1,1,1,0,0
394,394,9 3 11 10 5 7 2 6 8 4 1,"(1,3);(1,4);(1,5);(4,8);(6,7);(8,9);(10,11)",GlobalDistortion,1,1,1,1,0,0
395,395,11 3 10 8 7 6 1 2 5 9 4,"(1,3);(4,8);(5,6);(6,7);(7,8);(9,10);(10,11)",GlobalDistortion,1,1,1,1,0,0
396,396,9 7 11 3 4 5 8 2 6 10 1,"(1,3);(1,4);(1,5);(6,7);(8,9);(10,11)",GlobalDistortion,1,1,1,1,0,0
397,397,5 7 11 8 9 6 3 4 2 1 10,"(1,3);(1,4);(1,5);(3,8);(4,8);(6,7);(10,11)",GlobalDistortion,1,1,1,1,0,0
398,398,11 9 1 5 7 10 6 3 2 4 8,"(6,7);(8,9);(10,11)",BlockReorderExtreme,0,0,1,0,1,0
399,399,2 8 10 9 7 4 6 3 5 11 1,"(1,3);(1,4);(1,5);(3,8);(4,8);(5,6);(6,7);(7,8);(9,10)",GlobalDistortion,1,1,1,1,0,0
400,400,1 8 9 6 10 5 11 7 2 3 4,"(3,8);(4,8);(5,6);(7,8)",GlobalDistortion,1,0,1,0,1,0
401,401,3 6 7 11 5 2 4 8 10 9 1,"(1,3);(1,4);(1,5);(5,6);(9,10);(10,11)",GlobalDistortion,1,1,1,1,0,0
402,402,6 10 7 8 5 4 1 2 3 9 11,"(1,4);(1,5);(3,8);(4,8);(5,6);(9,10)",GlobalDistortion,1,1,1,1,0,0
403,403,5 6 9 10 3 2 11 8 7 1 4,"(1,3);(1,5);(4,8);(7,8);(8,9)",GlobalDistortion,1,1,1,0,0,0
404,404,4 6 1 3 9 8 5 10 2 11 7,"(1,4);(5,6);(7,8);(8,9)",GlobalDistortion,1,1,1,0,0,0
405,405,11 3 1 9 8 4 5 10 2 6 7,"(1,3);(4,8);(7,8);(8,9);(10,11)",GlobalDistortion,1,1,1,1,0,0
406,406,7 6 8 4 5 3 2 9 10 1 11,"(1,3);(1,4);(1,5);(3,8);(4,8);(5,6);(6,7)",GlobalDistortion,1,1,1,0,0,0
407,407,10 11 6 4 3 8 9 7 2 5 1,"(1,3);(1,4);(1,5);(5,6);(7,8);(9,10)",GlobalDistortion,1,1,1,1,0,0
408,408,8 9 10 11 3 2 1 5 7 4 6,"(1,3);(3,8);(4,8);(6,7);(7,8)",GlobalDistortion,1,1,1,0,0,0
409,409,5 3 1 8 10 2 7 4 6 11 9,"(1,3);(1,5);(4,8);(6,7);(7,8);(9,10)",GlobalDistortion,1,1,1,1,0,0
410,410,5 10 8 3 9 1 11 4 2 6 7,"(1,3);(1,5);(3,8);(4,8);(7,8);(9,10)",GlobalDistortion,1,1,1,1,0,0
411,411,5 3 11 7 10 1 2 6 8 9 4,"(1,3);(1,5);(4,8);(6,7);(9,10);(10,11)",GlobalDistortion,1,1,1,1,0,0
412,412,10 4 3 9 11 1 8 2 5 6 7,"(1,3);(1,4);(7,8);(8,9);(9,10)",GlobalDistortion,1,1,1,1,0,0
413,413,3 9 1 8 5 4 6 2 7 10 11,"(1,3);(4,8);(7,8);(8,9)",GlobalDistortion,1,1,1,0,0,0
414,414,11 4 5 8 9 3 1 6 2 10 7,"(1,3);(1,4);(1,5);(3,8);(7,8);(10,11)",GlobalDistortion,1,1,1,1,0,0
415,415,9 8 4 7 3 5 6 11 2 1 10,"(1,3);(1,4);(1,5);(3,8);(4,8);(6,7);(7,8);(8,9);(10,11)",GlobalDistortion,1,1,1,1,0,0
416,416,6 7 10 8 11 3 5 2 4 1 9,"(1,3);(1,4);(1,5);(3,8);(4,8);(5,6);(9,10)",GlobalDistortion,1,1,1,1,0,0
417,417,5 4 7 6 2 3 10 11 9 1 8,"(1,3);(1,4);(1,5);(6,7);(8,9);(9,10)",GlobalDistortion,1,1,1,1,0,0
418,418,9 10 4 8 3 2 5 1 6 7 11,"(1,3);(1,4);(1,5);(3,8);(7,8);(8,9)",GlobalDistortion,1,1,1,0,0,0
419,419,4 11 5 9 10 8 6 1 3 7 2,"(1,4);(1,5);(3,8);(7,8);(8,9);(10,11)",GlobalDistortion,1,1,1,1,0,0
420,420,3 5 4 11 2 9 10 1 8 6 7,"(1,3);(1,4);(1,5);(7,8);(8,9);(10,11)",GlobalDistortion,1,1,1,1,0,0
421,421,6 2 11 8 9 3 4 1 7 5 10,"(1,3);(1,4);(3,8);(4,8);(5,6);(7,8);(10,11)",GlobalDistortion,1,1,1,1,0,0
422,422,1 9 10 6 2 5 4 8 3 11 7,"(3,8);(5,6);(7,8);(8,9)",GlobalDistortion,1,0,1,0,1,0
423,423,3 8 1 5 10 4 9 2 7 11 6,"(1,3);(4,8);(6,7);(7,8);(9,10)",GlobalDistortion,1,1,1,1,0,0
424,424,10 1 3 5 7 2 4 6 8 11 9,"(6,7);(9,10)",BlockReorderExtreme,0,0,1,0,1,0
425,425,7 2 5 8 9 3 10 11 1 4 6,"(1,3);(1,5);(3,8);(4,8);(6,7)",GlobalDistortion,1,1,1,0,0,0
426,426,10 8 2 3 1 7 5 9 6 11 4,"(1,3);(3,8);(4,8);(6,7);(7,8);(9,10)",GlobalDistortion,1,1,1,1,0,0
427,427,4 9 3 1 5 6 10 7 11 2 8,"(1,3);(1,4);(8,9)",FrontEndMove,0,1,1,0,0,0
428,428,8 1 11 4 5 2 7 10 9 3 6,"(3,8);(4,8);(6,7);(7,8);(9,10);(10,11)",GlobalDistortion,1,0,1,0,1,0
429,429,5 3 2 1 9 6 8 10 4 7 11,"(1,3);(1,5);(4,8);(7,8);(8,9)",GlobalDistortion,1,1,1,0,0,0
430,430,4 8 1 7 9 10 3 11 2 5 6,"(1,4);(3,8);(6,7);(7,8)",GlobalDistortion,1,1,1,0,0,0
431,431,5 11 1 3 4 7 9 10 8 2 6,"(1,5);(6,7);(8,9);(10,11)",GlobalDistortion,1,1,1,1,0,0
432,432,11 2 1 3 9 10 4 8 6 7 5,"(5,6);(7,8);(8,9);(10,11)",GlobalDistortion,1,0,1,0,1,0
433,433,1 6 4 3 10 9 5 8 2 11 7,"(5,6);(7,8);(8,9);(9,10)",GlobalDistortion,1,0,1,0,1,0
434,434,4 5 8 1 9 3 10 11 6 2 7,"(1,4);(1,5);(3,8);(7,8)",GlobalDistortion,1,1,1,0,0,0
435,435,11 4 7 8 3 9 2 10 5 6 1,"(1,3);(1,4);(1,5);(3,8);(6,7);(10,11)",GlobalDistortion,1,1,1,1,0,0
436,436,10 1 3 4 8 6 5 7 2 11 9,"(5,6);(7,8);(9,10)",BlockReorderExtreme,0,0,1,0,1,0
437,437,9 10 5 6 4 8 11 2 1 3 7,"(1,4);(1,5);(3,8);(7,8);(8,9)",GlobalDistortion,1,1,1,0,0,0
438,438,11 3 10 9 5 6 4 8 7 1 2,"(1,3);(1,4);(1,5);(7,8);(8,9);(9,10);(10,11)",GlobalDistortion,1,1,1,1,0,0
439,439,3 6 5 1 7 9 4 10 11 8 2,"(1,3);(1,5);(5,6);(8,9)",GlobalDistortion,1,1,1,0,0,0
440,440,9 10 11 7 1 3 2 4 6 5 8,"(5,6);(6,7);(8,9)",BlockReorderExtreme,0,0,1,0,1,0
441,441,2 9 6 3 8 10 11 1 4 5 7,"(1,3);(4,8);(5,6);(7,8);(8,9)",GlobalDistortion,1,1,1,0,0,0
442,442,10 3 7 8 11 6 4 5 2 1 9,"(1,3);(1,4);(1,5);(4,8);(5,6);(6,7);(9,10)",GlobalDistortion,1,1,1,1,0,0
443,443,2 11 3 6 7 8 10 9 4 1 5,"(1,3);(1,4);(4,8);(5,6);(9,10);(10,11)",GlobalDistortion,1,1,1,1,0,0
444,444,3 4 9 10 7 8 2 6 5 11 1,"(1,3);(1,4);(1,5);(5,6);(6,7);(8,9)",GlobalDistortion,1,1,1,0,0,0
445,445,3 4 8 10 11 5 7 9 2 1 6,"(1,3);(1,4);(1,5);(6,7);(7,8);(9,10)",GlobalDistortion,1,1,1,1,0,0
446,446,8 3 1 9 7 5 4 11 2 10 6,"(1,3);(3,8);(4,8);(6,7);(7,8);(10,11)",GlobalDistortion,1,1,1,1,0,0
447,447,6 4 5 8 3 9 7 1 2 11 10,"(1,3);(1,4);(1,5);(3,8);(5,6);(7,8);(10,11)",GlobalDistortion,1,1,1,1,0,0
448,448,1 4 2 8 6 9 3 10 5 11 7,"(3,8);(5,6);(7,8)",BlockReorderExtreme,0,0,1,0,1,0
449,449,2 11 8 7 5 6 9 10 3 1 4,"(1,3);(1,5);(3,8);(4,8);(6,7);(7,8);(10,11)",GlobalDistortion,1,1,1,1,0,0
450,450,5 9 3 4 7 8 2 11 6 10 1,"(1,3);(1,4);(1,5);(6,7);(8,9);(10,11)",GlobalDistortion,1,1,1,1,0,0
451,451,1 9 10 4 11 7 3 8 5 6 2,"(6,7);(8,9)",BlockReorderExtreme,0,0,1,0,1,0
452,452,10 3 4 9 11 6 8 2 5 7 1,"(1,3);(1,4);(1,5);(5,6);(7,8);(8,9);(9,10)",GlobalDistortion,1,1,1,1,0,0
453,453,9 6 8 3 10 7 2 4 5 11 1,"(1,3);(1,4);(1,5);(3,8);(4,8);(5,6);(7,8);(8,9)",GlobalDistortion,1,1,1,0,0,0
454,454,10 5 1 9 4 8 3 6 11 7 2,"(1,5);(3,8);(7,8);(8,9);(9,10)",GlobalDistortion,1,1,1,1,0,0
455,455,8 1 10 11 6 4 5 3 9 7 2,"(3,8);(4,8);(5,6);(7,8);(9,10)",GlobalDistortion,1,0,1,0,1,0
456,456,3 10 11 5 6 2 1 4 9 8 7,"(1,3);(1,5);(7,8);(8,9);(9,10)",GlobalDistortion,1,1,1,1,0,0
457,457,9 5 8 7 2 3 10 11 1 4 6,"(1,3);(1,5);(3,8);(4,8);(6,7);(7,8);(8,9)",GlobalDistortion,1,1,1,0,0,0
458,458,10 5 1 8 4 3 6 7 2 9 11,"(1,5);(3,8);(4,8);(7,8);(9,10)",GlobalDistortion,1,1,1,1,0,0
459,459,11 3 5 9 4 6 2 7 8 1 10,"(1,3);(1,4);(1,5);(8,9);(10,11)",GlobalDistortion,1,1,1,1,0,0
460,460,11 9 3 6 7 5 1 2 4 10 8,"(1,3);(1,5);(5,6);(8,9);(10,11)",GlobalDistortion,1,1,1,1,0,0
461,461,6 7 2 11 10 9 3 4 8 5 1,"(1,3);(1,4);(1,5);(5,6);(8,9);(9,10);(10,11)",GlobalDistortion,1,1,1,1,0,0
462,462,5 4 3 7 8 11 1 9 10 6 2,"(1,3);(1,4);(1,5);(6,7);(10,11)",GlobalDistortion,1,1,1,1,0,0
463,463,9 8 6 4 10 11 1 7 5 3 2,"(1,4);(3,8);(4,8);(5,6);(7,8);(8,9)",GlobalDistortion,1,1,1,0,0,0
464,464,3 8 9 10 11 7 1 4 5 2 6,"(1,3);(4,8);(6,7);(7,8)",GlobalDistortion,1,1,1,0,0,0
465,465,5 6 9 11 1 8 2 3 4 10 7,"(1,5);(3,8);(4,8);(7,8);(8,9);(10,11)",GlobalDistortion,1,1,1,1,0,0
466,466,10 7 8 2 5 6 1 3 9 4 11,"(1,5);(3,8);(4,8);(6,7);(9,10)",GlobalDistortion,1,1,1,1,0,0
467,467,11 10 4 5 6 1 7 9 3 8 2,"(1,4);(1,5);(8,9);(9,10);(10,11)",GlobalDistortion,1,1,1,1,0,0
468,468,5 11 3 9 10 8 2 6 7 4 1,"(1,3);(1,4);(1,5);(4,8);(7,8);(8,9);(10,11)",GlobalDistortion,1,1,1,1,0,0
469,469,5 4 1 6 3 9 2 7 10 11 8,"(1,4);(1,5);(8,9)",FrontEndMove,0,1,1,0,0,0
470,470,9 10 3 8 2 7 5 6 4 11 1,"(1,3);(1,4);(1,5);(4,8);(6,7);(7,8);(8,9)",GlobalDistortion,1,1,1,0,0,0
471,471,2 8 11 3 6 7 1 9 10 5 4,"(1,3);(3,8);(4,8);(5,6);(7,8);(10,11)",GlobalDistortion,1,1,1,1,0,0
472,472,6 3 1 10 7 9 5 11 8 2 4,"(1,3);(4,8);(5,6);(8,9);(9,10)",GlobalDistortion,1,1,1,1,0,0
473,473,10 5 1 9 4 3 6 2 11 8 7,"(1,5);(7,8);(8,9);(9,10)",GlobalDistortion,1,1,1,1,0,0
474,474,3 7 8 10 9 5 6 2 11 1 4,"(1,3);(1,5);(4,8);(6,7);(9,10)",GlobalDistortion,1,1,1,1,0,0
475,475,3 7 10 2 9 8 1 11 4 5 6,"(1,3);(4,8);(6,7);(8,9);(9,10)",GlobalDistortion,1,1,1,1,0,0
476,476,5 7 8 3 9 10 4 2 6 1 11,"(1,3);(1,4);(1,5);(3,8);(4,8);(6,7)",GlobalDistortion,1,1,1,0,0,0
477,477,1 9 3 6 8 2 4 11 10 7 5,"(4,8);(5,6);(7,8);(8,9);(10,11)",GlobalDistortion,1,0,1,0,1,0
478,478,5 6 7 3 9 11 10 4 2 1 8,"(1,3);(1,4);(1,5);(8,9);(10,11)",GlobalDistortion,1,1,1,1,0,0
479,479,11 5 8 9 6 3 1 2 7 4 10,"(1,3);(1,5);(3,8);(4,8);(7,8);(10,11)",GlobalDistortion,1,1,1,1,0,0
480,480,8 7 9 3 1 11 6 4 5 2 10,"(1,3);(3,8);(4,8);(5,6);(6,7);(7,8);(10,11)",GlobalDistortion,1,1,1,1,0,0
481,481,4 3 7 8 10 11 9 5 6 1 2,"(1,3);(1,4);(1,5);(6,7);(9,10)",GlobalDistortion,1,1,1,1,0,0
482,482,10 11 1 3 6 7 8 4 9 2 5,"(4,8);(5,6);(9,10)",BlockReorderExtreme,0,0,1,0,1,0
483,483,2 1 5 3 9 10 8 11 7 6 4,"(4,8);(6,7);(7,8);(8,9)",GlobalDistortion,1,0,1,0,1,0
484,484,8 1 3 9 2 7 6 5 4 10 11,"(3,8);(4,8);(5,6);(6,7);(7,8)",GlobalDistortion,1,0,1,0,1,0
485,485,6 4 5 11 3 9 8 2 10 1 7,"(1,3);(1,4);(1,5);(5,6);(7,8);(8,9);(10,11)",GlobalDistortion,1,1,1,1,0,0
486,486,2 7 8 11 9 3 1 10 6 4 5,"(1,3);(3,8);(4,8);(5,6);(6,7);(10,11)",GlobalDistortion,1,1,1,1,0,0
487,487,4 10 11 9 8 3 2 7 5 1 6,"(1,3);(1,4);(1,5);(3,8);(6,7);(7,8);(8,9);(9,10)",GlobalDistortion,1,1,1,1,0,0
488,488,11 8 10 7 4 3 9 1 2 5 6,"(1,3);(1,4);(3,8);(4,8);(6,7);(7,8);(9,10);(10,11)",GlobalDistortion,1,1,1,1,0,0
489,489,8 5 6 3 7 9 10 2 1 4 11,"(1,3);(1,5);(3,8);(4,8);(7,8)",GlobalDistortion,1,1,1,0,0,0
490,490,10 7 8 11 4 2 3 1 6 9 5,"(1,3);(1,4);(3,8);(4,8);(5,6);(6,7);(9,10)",GlobalDistortion,1,1,1,1,0,0
491,491,8 1 10 4 6 7 2 9 3 11 5,"(3,8);(4,8);(5,6);(7,8);(9,10)",GlobalDistortion,1,0,1,0,1,0
492,492,6 8 9 1 10 2 7 3 5 11 4,"(3,8);(4,8);(5,6);(7,8)",GlobalDistortion,1,0,1,0,1,0
493,493,10 11 3 1 7 8 6 9 4 2 5,"(1,3);(4,8);(5,6);(6,7);(9,10)",GlobalDistortion,1,1,1,1,0,0
494,494,9 8 5 6 1 2 3 4 7 11 10,"(1,5);(3,8);(4,8);(7,8);(8,9);(10,11)",GlobalDistortion,1,1,1,1,0,0
495,495,4 5 6 2 8 10 3 11 9 7 1,"(1,3);(1,4);(1,5);(3,8);(7,8);(9,10)",GlobalDistortion,1,1,1,1,0,0
496,496,6 11 3 9 10 2 7 5 8 4 1,"(1,3);(1,4);(1,5);(4,8);(5,6);(8,9);(10,11)",GlobalDistortion,1,1,1,1,0,0
497,497,5 8 9 7 4 6 11 2 10 3 1,"(1,3);(1,4);(1,5);(3,8);(4,8);(6,7);(7,8);(10,11)",GlobalDistortion,1,1,1,1,0,0
498,498,3 8 7 9 10 11 6 4 1 2 5,"(1,3);(1,4);(4,8);(5,6);(6,7);(7,8)",GlobalDistortion,1,1,1,0,0,0
499,499,11 7 8 6 10 5 9 4 2 3 1,"(1,3);(1,4);(1,5);(3,8);(4,8);(5,6);(6,7);(9,10);(10,11)",GlobalDistortion,1,1,1,1,0,0
500,500,2 3 4 5 6 7 8 9 10 11 1,"(1,3);(1,4);(1,5)",FrontEndMove,0,1,0,0,0,0
501,501,11 1 2 3 4 5 6 7 8 9 10,"(10,11)",AnchorPreservingDisorder,0,0,0,0,1,0
502,502,2 3 4 5 6 7 8 9 10 1 11,"(1,3);(1,4);(1,5)",FrontEndMove,0,1,0,0,0,0
503,503,1 11 2 3 4 5 6 7 8 9 10,"(10,11)",AnchorPreservingDisorder,0,0,0,0,1,0
504,504,10 1 2 3 4 5 6 7 8 9 11,"(9,10)",AnchorPreservingDisorder,0,0,0,0,1,0
505,505,2 3 4 5 6 7 8 9 1 10 11,"(1,3);(1,4);(1,5)",FrontEndMove,0,1,0,0,0,0
506,506,1 2 3 4 5 6 7 8 9 10 11,,Other,0,0,0,0,0,1
507,507,1 2 11 3 4 5 6 7 8 9 10,"(10,11)",AnchorPreservingDisorder,0,0,0,0,1,0
508,508,1 10 2 3 4 5 6 7 8 9 11,"(9,10)",AnchorPreservingDisorder,0,0,0,0,1,0
509,509,9 1 2 3 4 5 6 7 8 10 11,"(8,9)",BlockReorderExtreme,0,0,1,0,1,0
510,510,1 2 3 4 5 6 7 8 9 10 11,,Other,0,0,0,0,0,1
511,511,1 2 3 4 5 6 7 8 9 10 11,,Other,0,0,0,0,0,1
512,512,1 2 10 3 4 5 6 7 8 9 11,"(9,10)",AnchorPreservingDisorder,0,0,0,0,1,0
513,513,1 9 2 3 4 5 6 7 8 10 11,"(8,9)",BlockReorderExtreme,0,0,1,0,1,0
514,514,8 1 2 3 4 5 6 7 9 10 11,"(3,8);(4,8);(7,8)",BlockReorderExtreme,0,0,1,0,1,0
515,515,1 2 3 4 5 6 7 8 9 10 11,,Other,0,0,0,0,0,1
516,516,1 2 3 4 5 6 7 8 9 10 11,,Other,0,0,0,0,0,1
517,517,1 2 3 5 6 7 8 9 10 11 4,"(4,8)",BlockReorderExtreme,0,0,1,0,1,0
518,518,1 2 9 3 4 5 6 7 8 10 11,"(8,9)",BlockReorderExtreme,0,0,1,0,1,0
519,519,1 8 2 3 4 5 6 7 9 10 11,"(3,8);(4,8);(7,8)",BlockReorderExtreme,0,0,1,0,1,0
